prob_pred,n_bins,strategy,ymax,metric_name,metric_value,model_name,b,m
0.004870919291445437,10,uniform,0.2,prob_true,0.004746084480303749,fit-age-sex-bloods,-1,0
0.028262852463259158,10,uniform,0.2,prob_true,0.030726256983240222,fit-age-sex-bloods,-1,0
0.048967187484942824,10,uniform,0.2,prob_true,0.0738255033557047,fit-age-sex-bloods,-1,0
0.06795067223388666,10,uniform,0.2,prob_true,0.05333333333333334,fit-age-sex-bloods,-1,0
0.08900322370789339,10,uniform,0.2,prob_true,0.07547169811320754,fit-age-sex-bloods,-1,0
0.10684562552282204,10,uniform,0.2,prob_true,0.1891891891891892,fit-age-sex-bloods,-1,0
0.130175132767285,10,uniform,0.2,prob_true,0.0967741935483871,fit-age-sex-bloods,-1,0
0.14823544271801967,10,uniform,0.2,prob_true,0.13333333333333333,fit-age-sex-bloods,-1,0
0.17108566533386474,10,uniform,0.2,prob_true,0.15384615384615385,fit-age-sex-bloods,-1,0
0.19088253050602558,10,uniform,0.2,prob_true,0.2,fit-age-sex-bloods,-1,0
0.004870919291445437,10,uniform,0.2,n_total,4214.0,fit-age-sex-bloods,-1,0
0.028262852463259158,10,uniform,0.2,n_total,358.0,fit-age-sex-bloods,-1,0
0.048967187484942824,10,uniform,0.2,n_total,149.0,fit-age-sex-bloods,-1,0
0.06795067223388666,10,uniform,0.2,n_total,75.0,fit-age-sex-bloods,-1,0
0.08900322370789339,10,uniform,0.2,n_total,53.0,fit-age-sex-bloods,-1,0
0.10684562552282204,10,uniform,0.2,n_total,37.0,fit-age-sex-bloods,-1,0
0.130175132767285,10,uniform,0.2,n_total,31.0,fit-age-sex-bloods,-1,0
0.14823544271801967,10,uniform,0.2,n_total,15.0,fit-age-sex-bloods,-1,0
0.17108566533386474,10,uniform,0.2,n_total,13.0,fit-age-sex-bloods,-1,0
0.19088253050602558,10,uniform,0.2,n_total,10.0,fit-age-sex-bloods,-1,0
0.004870919291445437,10,uniform,0.2,n_event,20.0,fit-age-sex-bloods,-1,0
0.028262852463259158,10,uniform,0.2,n_event,11.0,fit-age-sex-bloods,-1,0
0.048967187484942824,10,uniform,0.2,n_event,11.0,fit-age-sex-bloods,-1,0
0.06795067223388666,10,uniform,0.2,n_event,4.0,fit-age-sex-bloods,-1,0
0.08900322370789339,10,uniform,0.2,n_event,4.0,fit-age-sex-bloods,-1,0
0.10684562552282204,10,uniform,0.2,n_event,7.0,fit-age-sex-bloods,-1,0
0.130175132767285,10,uniform,0.2,n_event,3.0,fit-age-sex-bloods,-1,0
0.14823544271801967,10,uniform,0.2,n_event,2.0,fit-age-sex-bloods,-1,0
0.17108566533386474,10,uniform,0.2,n_event,2.0,fit-age-sex-bloods,-1,0
0.19088253050602558,10,uniform,0.2,n_event,2.0,fit-age-sex-bloods,-1,0
0.008170489898702619,10,uniform,0.62,prob_true,0.009085146841326854,fit-age-sex-bloods,-1,0
0.08635112380929917,10,uniform,0.62,prob_true,0.10126582278481013,fit-age-sex-bloods,-1,0
0.14650346245150866,10,uniform,0.62,prob_true,0.09090909090909091,fit-age-sex-bloods,-1,0
0.210173271471203,10,uniform,0.62,prob_true,0.16666666666666666,fit-age-sex-bloods,-1,0
0.2787992892567818,10,uniform,0.62,prob_true,0.4444444444444444,fit-age-sex-bloods,-1,0
0.3407354787136174,10,uniform,0.62,prob_true,0.7777777777777778,fit-age-sex-bloods,-1,0
0.4073799225120136,10,uniform,0.62,prob_true,0.42857142857142855,fit-age-sex-bloods,-1,0
0.4474730122385827,10,uniform,0.62,prob_true,1.0,fit-age-sex-bloods,-1,0
0.5261246281144509,10,uniform,0.62,prob_true,0.5,fit-age-sex-bloods,-1,0
0.6044545418780091,10,uniform,0.62,prob_true,1.0,fit-age-sex-bloods,-1,0
0.008170489898702619,10,uniform,0.62,n_total,4733.0,fit-age-sex-bloods,-1,0
0.08635112380929917,10,uniform,0.62,n_total,158.0,fit-age-sex-bloods,-1,0
0.14650346245150866,10,uniform,0.62,n_total,55.0,fit-age-sex-bloods,-1,0
0.210173271471203,10,uniform,0.62,n_total,24.0,fit-age-sex-bloods,-1,0
0.2787992892567818,10,uniform,0.62,n_total,9.0,fit-age-sex-bloods,-1,0
0.3407354787136174,10,uniform,0.62,n_total,9.0,fit-age-sex-bloods,-1,0
0.4073799225120136,10,uniform,0.62,n_total,7.0,fit-age-sex-bloods,-1,0
0.4474730122385827,10,uniform,0.62,n_total,1.0,fit-age-sex-bloods,-1,0
0.5261246281144509,10,uniform,0.62,n_total,2.0,fit-age-sex-bloods,-1,0
0.6044545418780091,10,uniform,0.62,n_total,1.0,fit-age-sex-bloods,-1,0
0.008170489898702619,10,uniform,0.62,n_event,43.0,fit-age-sex-bloods,-1,0
0.08635112380929917,10,uniform,0.62,n_event,16.0,fit-age-sex-bloods,-1,0
0.14650346245150866,10,uniform,0.62,n_event,5.0,fit-age-sex-bloods,-1,0
0.210173271471203,10,uniform,0.62,n_event,4.0,fit-age-sex-bloods,-1,0
0.2787992892567818,10,uniform,0.62,n_event,4.0,fit-age-sex-bloods,-1,0
0.3407354787136174,10,uniform,0.62,n_event,7.0,fit-age-sex-bloods,-1,0
0.4073799225120136,10,uniform,0.62,n_event,3.0,fit-age-sex-bloods,-1,0
0.4474730122385827,10,uniform,0.62,n_event,1.0,fit-age-sex-bloods,-1,0
0.5261246281144509,10,uniform,0.62,n_event,1.0,fit-age-sex-bloods,-1,0
0.6044545418780091,10,uniform,0.62,n_event,1.0,fit-age-sex-bloods,-1,0
0.005204290174592278,10,uniform,0.2,prob_true,0.005733397037744864,fit-age-sex,-1,0
0.028023484556103526,10,uniform,0.2,prob_true,0.034210526315789476,fit-age-sex,-1,0
0.04913097491155599,10,uniform,0.2,prob_true,0.06790123456790123,fit-age-sex,-1,0
0.06867805399862802,10,uniform,0.2,prob_true,0.07142857142857142,fit-age-sex,-1,0
0.08926265792584442,10,uniform,0.2,prob_true,0.058823529411764705,fit-age-sex,-1,0
0.10860365976283774,10,uniform,0.2,prob_true,0.16129032258064516,fit-age-sex,-1,0
0.1292175204222111,10,uniform,0.2,prob_true,0.12121212121212122,fit-age-sex,-1,0
0.14887575004830594,10,uniform,0.2,prob_true,0.05555555555555555,fit-age-sex,-1,0
0.16742775453261818,10,uniform,0.2,prob_true,0.3333333333333333,fit-age-sex,-1,0
0.18866150525157593,10,uniform,0.2,prob_true,0.4,fit-age-sex,-1,0
0.005204290174592278,10,uniform,0.2,n_total,4186.0,fit-age-sex,-1,0
0.028023484556103526,10,uniform,0.2,n_total,380.0,fit-age-sex,-1,0
0.04913097491155599,10,uniform,0.2,n_total,162.0,fit-age-sex,-1,0
0.06867805399862802,10,uniform,0.2,n_total,70.0,fit-age-sex,-1,0
0.08926265792584442,10,uniform,0.2,n_total,51.0,fit-age-sex,-1,0
0.10860365976283774,10,uniform,0.2,n_total,31.0,fit-age-sex,-1,0
0.1292175204222111,10,uniform,0.2,n_total,33.0,fit-age-sex,-1,0
0.14887575004830594,10,uniform,0.2,n_total,18.0,fit-age-sex,-1,0
0.16742775453261818,10,uniform,0.2,n_total,6.0,fit-age-sex,-1,0
0.18866150525157593,10,uniform,0.2,n_total,10.0,fit-age-sex,-1,0
0.005204290174592278,10,uniform,0.2,n_event,24.0,fit-age-sex,-1,0
0.028023484556103526,10,uniform,0.2,n_event,13.0,fit-age-sex,-1,0
0.04913097491155599,10,uniform,0.2,n_event,11.0,fit-age-sex,-1,0
0.06867805399862802,10,uniform,0.2,n_event,5.0,fit-age-sex,-1,0
0.08926265792584442,10,uniform,0.2,n_event,3.0,fit-age-sex,-1,0
0.10860365976283774,10,uniform,0.2,n_event,5.0,fit-age-sex,-1,0
0.1292175204222111,10,uniform,0.2,n_event,4.0,fit-age-sex,-1,0
0.14887575004830594,10,uniform,0.2,n_event,1.0,fit-age-sex,-1,0
0.16742775453261818,10,uniform,0.2,n_event,2.0,fit-age-sex,-1,0
0.18866150525157593,10,uniform,0.2,n_event,4.0,fit-age-sex,-1,0
0.00865423579612655,10,uniform,0.62,prob_true,0.010341916420430562,fit-age-sex,-1,0
0.08773695591810418,10,uniform,0.62,prob_true,0.09210526315789473,fit-age-sex,-1,0
0.14628271159622697,10,uniform,0.62,prob_true,0.11764705882352941,fit-age-sex,-1,0
0.2121314439070857,10,uniform,0.62,prob_true,0.16,fit-age-sex,-1,0
0.27566918852991407,10,uniform,0.62,prob_true,0.36363636363636365,fit-age-sex,-1,0
0.34898204243549447,10,uniform,0.62,prob_true,0.3333333333333333,fit-age-sex,-1,0
0.410568417312393,10,uniform,0.62,prob_true,0.42857142857142855,fit-age-sex,-1,0
0.4603976016048523,10,uniform,0.62,prob_true,0.3333333333333333,fit-age-sex,-1,0
0.534235081153921,10,uniform,0.62,prob_true,0.6666666666666666,fit-age-sex,-1,0
0.6152649806838274,10,uniform,0.62,prob_true,0.0,fit-age-sex,-1,0
0.00865423579612655,10,uniform,0.62,n_total,4738.0,fit-age-sex,-1,0
0.08773695591810418,10,uniform,0.62,n_total,152.0,fit-age-sex,-1,0
0.14628271159622697,10,uniform,0.62,n_total,51.0,fit-age-sex,-1,0
0.2121314439070857,10,uniform,0.62,n_total,25.0,fit-age-sex,-1,0
0.27566918852991407,10,uniform,0.62,n_total,11.0,fit-age-sex,-1,0
0.34898204243549447,10,uniform,0.62,n_total,9.0,fit-age-sex,-1,0
0.410568417312393,10,uniform,0.62,n_total,7.0,fit-age-sex,-1,0
0.4603976016048523,10,uniform,0.62,n_total,3.0,fit-age-sex,-1,0
0.534235081153921,10,uniform,0.62,n_total,3.0,fit-age-sex,-1,0
0.6152649806838274,10,uniform,0.62,n_total,1.0,fit-age-sex,-1,0
0.00865423579612655,10,uniform,0.62,n_event,49.0,fit-age-sex,-1,0
0.08773695591810418,10,uniform,0.62,n_event,14.0,fit-age-sex,-1,0
0.14628271159622697,10,uniform,0.62,n_event,6.0,fit-age-sex,-1,0
0.2121314439070857,10,uniform,0.62,n_event,4.0,fit-age-sex,-1,0
0.27566918852991407,10,uniform,0.62,n_event,4.0,fit-age-sex,-1,0
0.34898204243549447,10,uniform,0.62,n_event,3.0,fit-age-sex,-1,0
0.410568417312393,10,uniform,0.62,n_event,3.0,fit-age-sex,-1,0
0.4603976016048523,10,uniform,0.62,n_event,1.0,fit-age-sex,-1,0
0.534235081153921,10,uniform,0.62,n_event,2.0,fit-age-sex,-1,0
0.6152649806838274,10,uniform,0.62,n_event,0.0,fit-age-sex,-1,0
0.004933796280831582,10,uniform,0.2,prob_true,0.0054671968190854875,fit-spline,-1,0
0.02843512934428956,10,uniform,0.2,prob_true,0.023148148148148147,fit-spline,-1,0
0.049237348062787185,10,uniform,0.2,prob_true,0.0582010582010582,fit-spline,-1,0
0.06875803803700956,10,uniform,0.2,prob_true,0.0625,fit-spline,-1,0
0.09005848510135525,10,uniform,0.2,prob_true,0.07575757575757576,fit-spline,-1,0
0.10955143097778974,10,uniform,0.2,prob_true,0.10416666666666667,fit-spline,-1,0
0.12940568950734918,10,uniform,0.2,prob_true,0.05555555555555555,fit-spline,-1,0
0.14839644607559954,10,uniform,0.2,prob_true,0.25,fit-spline,-1,0
0.17074206913601003,10,uniform,0.2,prob_true,0.125,fit-spline,-1,0
0.1889482355331423,10,uniform,0.2,prob_true,0.2,fit-spline,-1,0
0.004933796280831582,10,uniform,0.2,n_total,4024.0,fit-spline,-1,0
0.02843512934428956,10,uniform,0.2,n_total,432.0,fit-spline,-1,0
0.049237348062787185,10,uniform,0.2,n_total,189.0,fit-spline,-1,0
0.06875803803700956,10,uniform,0.2,n_total,112.0,fit-spline,-1,0
0.09005848510135525,10,uniform,0.2,n_total,66.0,fit-spline,-1,0
0.10955143097778974,10,uniform,0.2,n_total,48.0,fit-spline,-1,0
0.12940568950734918,10,uniform,0.2,n_total,36.0,fit-spline,-1,0
0.14839644607559954,10,uniform,0.2,n_total,16.0,fit-spline,-1,0
0.17074206913601003,10,uniform,0.2,n_total,16.0,fit-spline,-1,0
0.1889482355331423,10,uniform,0.2,n_total,10.0,fit-spline,-1,0
0.004933796280831582,10,uniform,0.2,n_event,22.0,fit-spline,-1,0
0.02843512934428956,10,uniform,0.2,n_event,10.0,fit-spline,-1,0
0.049237348062787185,10,uniform,0.2,n_event,11.0,fit-spline,-1,0
0.06875803803700956,10,uniform,0.2,n_event,7.0,fit-spline,-1,0
0.09005848510135525,10,uniform,0.2,n_event,5.0,fit-spline,-1,0
0.10955143097778974,10,uniform,0.2,n_event,5.0,fit-spline,-1,0
0.12940568950734918,10,uniform,0.2,n_event,2.0,fit-spline,-1,0
0.14839644607559954,10,uniform,0.2,n_event,4.0,fit-spline,-1,0
0.17074206913601003,10,uniform,0.2,n_event,2.0,fit-spline,-1,0
0.1889482355331423,10,uniform,0.2,n_event,2.0,fit-spline,-1,0
0.008387108820212123,10,uniform,0.54,prob_true,0.00892468437091859,fit-spline,-1,0
0.07509956186491794,10,uniform,0.54,prob_true,0.06772908366533864,fit-spline,-1,0
0.12861167131005763,10,uniform,0.54,prob_true,0.10126582278481013,fit-spline,-1,0
0.1863271060456965,10,uniform,0.54,prob_true,0.17142857142857143,fit-spline,-1,0
0.2363196482793618,10,uniform,0.54,prob_true,0.29411764705882354,fit-spline,-1,0
0.30200300937824953,10,uniform,0.54,prob_true,0.36363636363636365,fit-spline,-1,0
0.33917100195855965,10,uniform,0.54,prob_true,0.5,fit-spline,-1,0
0.39447166994685984,10,uniform,0.54,prob_true,0.25,fit-spline,-1,0
0.45457435850034733,10,uniform,0.54,prob_true,0.5,fit-spline,-1,0
0.5354226065855737,10,uniform,0.54,prob_true,0.0,fit-spline,-1,0
0.008387108820212123,10,uniform,0.54,n_total,4594.0,fit-spline,-1,0
0.07509956186491794,10,uniform,0.54,n_total,251.0,fit-spline,-1,0
0.12861167131005763,10,uniform,0.54,n_total,79.0,fit-spline,-1,0
0.1863271060456965,10,uniform,0.54,n_total,35.0,fit-spline,-1,0
0.2363196482793618,10,uniform,0.54,n_total,17.0,fit-spline,-1,0
0.30200300937824953,10,uniform,0.54,n_total,11.0,fit-spline,-1,0
0.33917100195855965,10,uniform,0.54,n_total,6.0,fit-spline,-1,0
0.39447166994685984,10,uniform,0.54,n_total,4.0,fit-spline,-1,0
0.45457435850034733,10,uniform,0.54,n_total,2.0,fit-spline,-1,0
0.5354226065855737,10,uniform,0.54,n_total,1.0,fit-spline,-1,0
0.008387108820212123,10,uniform,0.54,n_event,41.0,fit-spline,-1,0
0.07509956186491794,10,uniform,0.54,n_event,17.0,fit-spline,-1,0
0.12861167131005763,10,uniform,0.54,n_event,8.0,fit-spline,-1,0
0.1863271060456965,10,uniform,0.54,n_event,6.0,fit-spline,-1,0
0.2363196482793618,10,uniform,0.54,n_event,5.0,fit-spline,-1,0
0.30200300937824953,10,uniform,0.54,n_event,4.0,fit-spline,-1,0
0.33917100195855965,10,uniform,0.54,n_event,3.0,fit-spline,-1,0
0.39447166994685984,10,uniform,0.54,n_event,1.0,fit-spline,-1,0
0.45457435850034733,10,uniform,0.54,n_event,1.0,fit-spline,-1,0
0.5354226065855737,10,uniform,0.54,n_event,0.0,fit-spline,-1,0
0.004795223801111535,10,uniform,0.2,prob_true,0.003833253473885961,fit-age-sex-bloods,8,0
0.029348674792044567,10,uniform,0.2,prob_true,0.027700831024930747,fit-age-sex-bloods,8,0
0.0492374883381949,10,uniform,0.2,prob_true,0.07006369426751592,fit-age-sex-bloods,8,0
0.06804084512262153,10,uniform,0.2,prob_true,0.0707070707070707,fit-age-sex-bloods,8,0
0.08952471388523349,10,uniform,0.2,prob_true,0.0784313725490196,fit-age-sex-bloods,8,0
0.1054646985074139,10,uniform,0.2,prob_true,0.2727272727272727,fit-age-sex-bloods,8,0
0.12982864069312242,10,uniform,0.2,prob_true,0.22857142857142856,fit-age-sex-bloods,8,0
0.14743083253313446,10,uniform,0.2,prob_true,0.06666666666666667,fit-age-sex-bloods,8,0
0.16864933251099465,10,uniform,0.2,prob_true,0.125,fit-age-sex-bloods,8,0
0.192183629610053,10,uniform,0.2,prob_true,0.2,fit-age-sex-bloods,8,0
0.004795223801111535,10,uniform,0.2,n_total,4174.0,fit-age-sex-bloods,8,0
0.029348674792044567,10,uniform,0.2,n_total,361.0,fit-age-sex-bloods,8,0
0.0492374883381949,10,uniform,0.2,n_total,157.0,fit-age-sex-bloods,8,0
0.06804084512262153,10,uniform,0.2,n_total,99.0,fit-age-sex-bloods,8,0
0.08952471388523349,10,uniform,0.2,n_total,51.0,fit-age-sex-bloods,8,0
0.1054646985074139,10,uniform,0.2,n_total,44.0,fit-age-sex-bloods,8,0
0.12982864069312242,10,uniform,0.2,n_total,35.0,fit-age-sex-bloods,8,0
0.14743083253313446,10,uniform,0.2,n_total,15.0,fit-age-sex-bloods,8,0
0.16864933251099465,10,uniform,0.2,n_total,8.0,fit-age-sex-bloods,8,0
0.192183629610053,10,uniform,0.2,n_total,15.0,fit-age-sex-bloods,8,0
0.004795223801111535,10,uniform,0.2,n_event,16.0,fit-age-sex-bloods,8,0
0.029348674792044567,10,uniform,0.2,n_event,10.0,fit-age-sex-bloods,8,0
0.0492374883381949,10,uniform,0.2,n_event,11.0,fit-age-sex-bloods,8,0
0.06804084512262153,10,uniform,0.2,n_event,7.0,fit-age-sex-bloods,8,0
0.08952471388523349,10,uniform,0.2,n_event,4.0,fit-age-sex-bloods,8,0
0.1054646985074139,10,uniform,0.2,n_event,12.0,fit-age-sex-bloods,8,0
0.12982864069312242,10,uniform,0.2,n_event,8.0,fit-age-sex-bloods,8,0
0.14743083253313446,10,uniform,0.2,n_event,1.0,fit-age-sex-bloods,8,0
0.16864933251099465,10,uniform,0.2,n_event,1.0,fit-age-sex-bloods,8,0
0.192183629610053,10,uniform,0.2,n_event,3.0,fit-age-sex-bloods,8,0
0.008351760814255389,10,uniform,0.62,prob_true,0.008071367884451997,fit-age-sex-bloods,8,0
0.0858425749457792,10,uniform,0.62,prob_true,0.13903743315508021,fit-age-sex-bloods,8,0
0.14315674221318553,10,uniform,0.62,prob_true,0.12244897959183673,fit-age-sex-bloods,8,0
0.20326826786505914,10,uniform,0.62,prob_true,0.12,fit-age-sex-bloods,8,0
0.2807595767213978,10,uniform,0.62,prob_true,0.5,fit-age-sex-bloods,8,0
0.3399258396836444,10,uniform,0.62,prob_true,0.625,fit-age-sex-bloods,8,0
0.40014490283055953,10,uniform,0.62,prob_true,0.25,fit-age-sex-bloods,8,0
0.4474730122385827,10,uniform,0.62,prob_true,1.0,fit-age-sex-bloods,8,0
0.5260096574627976,10,uniform,0.62,prob_true,0.3333333333333333,fit-age-sex-bloods,8,0
0.008351760814255389,10,uniform,0.62,n_total,4708.0,fit-age-sex-bloods,8,0
0.0858425749457792,10,uniform,0.62,n_total,187.0,fit-age-sex-bloods,8,0
0.14315674221318553,10,uniform,0.62,n_total,49.0,fit-age-sex-bloods,8,0
0.20326826786505914,10,uniform,0.62,n_total,25.0,fit-age-sex-bloods,8,0
0.2807595767213978,10,uniform,0.62,n_total,10.0,fit-age-sex-bloods,8,0
0.3399258396836444,10,uniform,0.62,n_total,8.0,fit-age-sex-bloods,8,0
0.40014490283055953,10,uniform,0.62,n_total,8.0,fit-age-sex-bloods,8,0
0.4474730122385827,10,uniform,0.62,n_total,2.0,fit-age-sex-bloods,8,0
0.5260096574627976,10,uniform,0.62,n_total,3.0,fit-age-sex-bloods,8,0
0.008351760814255389,10,uniform,0.62,n_event,38.0,fit-age-sex-bloods,8,0
0.0858425749457792,10,uniform,0.62,n_event,26.0,fit-age-sex-bloods,8,0
0.14315674221318553,10,uniform,0.62,n_event,6.0,fit-age-sex-bloods,8,0
0.20326826786505914,10,uniform,0.62,n_event,3.0,fit-age-sex-bloods,8,0
0.2807595767213978,10,uniform,0.62,n_event,5.0,fit-age-sex-bloods,8,0
0.3399258396836444,10,uniform,0.62,n_event,5.0,fit-age-sex-bloods,8,0
0.40014490283055953,10,uniform,0.62,n_event,2.0,fit-age-sex-bloods,8,0
0.4474730122385827,10,uniform,0.62,n_event,2.0,fit-age-sex-bloods,8,0
0.5260096574627976,10,uniform,0.62,n_event,1.0,fit-age-sex-bloods,8,0
0.005152301609493634,10,uniform,0.2,prob_true,0.004832085044696787,fit-age-sex,8,0
0.02857130776277491,10,uniform,0.2,prob_true,0.02356020942408377,fit-age-sex,8,0
0.049307990950087914,10,uniform,0.2,prob_true,0.09424083769633508,fit-age-sex,8,0
0.06908012444419587,10,uniform,0.2,prob_true,0.10294117647058823,fit-age-sex,8,0
0.08930073625001378,10,uniform,0.2,prob_true,0.08771929824561403,fit-age-sex,8,0
0.10978229179635328,10,uniform,0.2,prob_true,0.19230769230769232,fit-age-sex,8,0
0.12878820416129613,10,uniform,0.2,prob_true,0.06451612903225806,fit-age-sex,8,0
0.14896163177601685,10,uniform,0.2,prob_true,0.08,fit-age-sex,8,0
0.16517531030692534,10,uniform,0.2,prob_true,0.16666666666666666,fit-age-sex,8,0
0.1875236391368709,10,uniform,0.2,prob_true,0.5625,fit-age-sex,8,0
0.005152301609493634,10,uniform,0.2,n_total,4139.0,fit-age-sex,8,0
0.02857130776277491,10,uniform,0.2,n_total,382.0,fit-age-sex,8,0
0.049307990950087914,10,uniform,0.2,n_total,191.0,fit-age-sex,8,0
0.06908012444419587,10,uniform,0.2,n_total,68.0,fit-age-sex,8,0
0.08930073625001378,10,uniform,0.2,n_total,57.0,fit-age-sex,8,0
0.10978229179635328,10,uniform,0.2,n_total,26.0,fit-age-sex,8,0
0.12878820416129613,10,uniform,0.2,n_total,31.0,fit-age-sex,8,0
0.14896163177601685,10,uniform,0.2,n_total,25.0,fit-age-sex,8,0
0.16517531030692534,10,uniform,0.2,n_total,6.0,fit-age-sex,8,0
0.1875236391368709,10,uniform,0.2,n_total,16.0,fit-age-sex,8,0
0.005152301609493634,10,uniform,0.2,n_event,20.0,fit-age-sex,8,0
0.02857130776277491,10,uniform,0.2,n_event,9.0,fit-age-sex,8,0
0.049307990950087914,10,uniform,0.2,n_event,18.0,fit-age-sex,8,0
0.06908012444419587,10,uniform,0.2,n_event,7.0,fit-age-sex,8,0
0.08930073625001378,10,uniform,0.2,n_event,5.0,fit-age-sex,8,0
0.10978229179635328,10,uniform,0.2,n_event,5.0,fit-age-sex,8,0
0.12878820416129613,10,uniform,0.2,n_event,2.0,fit-age-sex,8,0
0.14896163177601685,10,uniform,0.2,n_event,2.0,fit-age-sex,8,0
0.16517531030692534,10,uniform,0.2,n_event,1.0,fit-age-sex,8,0
0.1875236391368709,10,uniform,0.2,n_event,9.0,fit-age-sex,8,0
0.00896187908850299,10,uniform,0.62,prob_true,0.010586491636671608,fit-age-sex,8,0
0.08837362973702229,10,uniform,0.62,prob_true,0.09868421052631579,fit-age-sex,8,0
0.14898754919303964,10,uniform,0.62,prob_true,0.125,fit-age-sex,8,0
0.20851346765881998,10,uniform,0.62,prob_true,0.18181818181818182,fit-age-sex,8,0
0.2710724022807985,10,uniform,0.62,prob_true,0.4,fit-age-sex,8,0
0.35132478984340343,10,uniform,0.62,prob_true,0.3,fit-age-sex,8,0
0.40227970402133884,10,uniform,0.62,prob_true,0.25,fit-age-sex,8,0
0.4660528211297989,10,uniform,0.62,prob_true,0.0,fit-age-sex,8,0
0.541287626547062,10,uniform,0.62,prob_true,0.3333333333333333,fit-age-sex,8,0
0.00896187908850299,10,uniform,0.62,n_total,4723.0,fit-age-sex,8,0
0.08837362973702229,10,uniform,0.62,n_total,152.0,fit-age-sex,8,0
0.14898754919303964,10,uniform,0.62,n_total,56.0,fit-age-sex,8,0
0.20851346765881998,10,uniform,0.62,n_total,33.0,fit-age-sex,8,0
0.2710724022807985,10,uniform,0.62,n_total,10.0,fit-age-sex,8,0
0.35132478984340343,10,uniform,0.62,n_total,10.0,fit-age-sex,8,0
0.40227970402133884,10,uniform,0.62,n_total,8.0,fit-age-sex,8,0
0.4660528211297989,10,uniform,0.62,n_total,5.0,fit-age-sex,8,0
0.541287626547062,10,uniform,0.62,n_total,3.0,fit-age-sex,8,0
0.00896187908850299,10,uniform,0.62,n_event,50.0,fit-age-sex,8,0
0.08837362973702229,10,uniform,0.62,n_event,15.0,fit-age-sex,8,0
0.14898754919303964,10,uniform,0.62,n_event,7.0,fit-age-sex,8,0
0.20851346765881998,10,uniform,0.62,n_event,6.0,fit-age-sex,8,0
0.2710724022807985,10,uniform,0.62,n_event,4.0,fit-age-sex,8,0
0.35132478984340343,10,uniform,0.62,n_event,3.0,fit-age-sex,8,0
0.40227970402133884,10,uniform,0.62,n_event,2.0,fit-age-sex,8,0
0.4660528211297989,10,uniform,0.62,n_event,0.0,fit-age-sex,8,0
0.541287626547062,10,uniform,0.62,n_event,1.0,fit-age-sex,8,0
0.004874601557433685,10,uniform,0.2,prob_true,0.004271356783919598,fit-spline,8,0
0.028864647499309375,10,uniform,0.2,prob_true,0.019002375296912115,fit-spline,8,0
0.04969566677043798,10,uniform,0.2,prob_true,0.05963302752293578,fit-spline,8,0
0.06856931374711694,10,uniform,0.2,prob_true,0.11904761904761904,fit-spline,8,0
0.09064466750407493,10,uniform,0.2,prob_true,0.08064516129032258,fit-spline,8,0
0.1095005961222842,10,uniform,0.2,prob_true,0.125,fit-spline,8,0
0.12975282144904915,10,uniform,0.2,prob_true,0.023809523809523808,fit-spline,8,0
0.14981693165502818,10,uniform,0.2,prob_true,0.2222222222222222,fit-spline,8,0
0.16955017505543954,10,uniform,0.2,prob_true,0.07142857142857142,fit-spline,8,0
0.18737349449364316,10,uniform,0.2,prob_true,0.2777777777777778,fit-spline,8,0
0.004874601557433685,10,uniform,0.2,n_total,3980.0,fit-spline,8,0
0.028864647499309375,10,uniform,0.2,n_total,421.0,fit-spline,8,0
0.04969566677043798,10,uniform,0.2,n_total,218.0,fit-spline,8,0
0.06856931374711694,10,uniform,0.2,n_total,126.0,fit-spline,8,0
0.09064466750407493,10,uniform,0.2,n_total,62.0,fit-spline,8,0
0.1095005961222842,10,uniform,0.2,n_total,48.0,fit-spline,8,0
0.12975282144904915,10,uniform,0.2,n_total,42.0,fit-spline,8,0
0.14981693165502818,10,uniform,0.2,n_total,18.0,fit-spline,8,0
0.16955017505543954,10,uniform,0.2,n_total,14.0,fit-spline,8,0
0.18737349449364316,10,uniform,0.2,n_total,18.0,fit-spline,8,0
0.004874601557433685,10,uniform,0.2,n_event,17.0,fit-spline,8,0
0.028864647499309375,10,uniform,0.2,n_event,8.0,fit-spline,8,0
0.04969566677043798,10,uniform,0.2,n_event,13.0,fit-spline,8,0
0.06856931374711694,10,uniform,0.2,n_event,15.0,fit-spline,8,0
0.09064466750407493,10,uniform,0.2,n_event,5.0,fit-spline,8,0
0.1095005961222842,10,uniform,0.2,n_event,6.0,fit-spline,8,0
0.12975282144904915,10,uniform,0.2,n_event,1.0,fit-spline,8,0
0.14981693165502818,10,uniform,0.2,n_event,4.0,fit-spline,8,0
0.16955017505543954,10,uniform,0.2,n_event,1.0,fit-spline,8,0
0.18737349449364316,10,uniform,0.2,n_event,5.0,fit-spline,8,0
0.008493429571841694,10,uniform,0.54,prob_true,0.007465963987703118,fit-spline,8,0
0.07365119307885605,10,uniform,0.54,prob_true,0.09454545454545454,fit-spline,8,0
0.1296157097763513,10,uniform,0.54,prob_true,0.10344827586206896,fit-spline,8,0
0.18619103802415504,10,uniform,0.54,prob_true,0.17073170731707318,fit-spline,8,0
0.2329597884192774,10,uniform,0.54,prob_true,0.375,fit-spline,8,0
0.29928437987231543,10,uniform,0.54,prob_true,0.2727272727272727,fit-spline,8,0
0.332776176996738,10,uniform,0.54,prob_true,0.2857142857142857,fit-spline,8,0
0.3943714070165066,10,uniform,0.54,prob_true,0.14285714285714285,fit-spline,8,0
0.4384076866494889,10,uniform,0.54,prob_true,0.0,fit-spline,8,0
0.008493429571841694,10,uniform,0.54,n_total,4554.0,fit-spline,8,0
0.07365119307885605,10,uniform,0.54,n_total,275.0,fit-spline,8,0
0.1296157097763513,10,uniform,0.54,n_total,87.0,fit-spline,8,0
0.18619103802415504,10,uniform,0.54,n_total,41.0,fit-spline,8,0
0.2329597884192774,10,uniform,0.54,n_total,16.0,fit-spline,8,0
0.29928437987231543,10,uniform,0.54,n_total,11.0,fit-spline,8,0
0.332776176996738,10,uniform,0.54,n_total,7.0,fit-spline,8,0
0.3943714070165066,10,uniform,0.54,n_total,7.0,fit-spline,8,0
0.4384076866494889,10,uniform,0.54,n_total,2.0,fit-spline,8,0
0.008493429571841694,10,uniform,0.54,n_event,34.0,fit-spline,8,0
0.07365119307885605,10,uniform,0.54,n_event,26.0,fit-spline,8,0
0.1296157097763513,10,uniform,0.54,n_event,9.0,fit-spline,8,0
0.18619103802415504,10,uniform,0.54,n_event,7.0,fit-spline,8,0
0.2329597884192774,10,uniform,0.54,n_event,6.0,fit-spline,8,0
0.29928437987231543,10,uniform,0.54,n_event,3.0,fit-spline,8,0
0.332776176996738,10,uniform,0.54,n_event,2.0,fit-spline,8,0
0.3943714070165066,10,uniform,0.54,n_event,1.0,fit-spline,8,0
0.4384076866494889,10,uniform,0.54,n_event,0.0,fit-spline,8,0
0.004889795423094104,10,uniform,0.2,prob_true,0.005433498700685093,fit-age-sex-bloods,43,0
0.028638654567441506,10,uniform,0.2,prob_true,0.034782608695652174,fit-age-sex-bloods,43,0
0.04903227414645392,10,uniform,0.2,prob_true,0.11949685534591195,fit-age-sex-bloods,43,0
0.06758018881662325,10,uniform,0.2,prob_true,0.04285714285714286,fit-age-sex-bloods,43,0
0.08835365697304147,10,uniform,0.2,prob_true,0.02127659574468085,fit-age-sex-bloods,43,0
0.10695956965299142,10,uniform,0.2,prob_true,0.12195121951219512,fit-age-sex-bloods,43,0
0.13097856970714145,10,uniform,0.2,prob_true,0.07692307692307693,fit-age-sex-bloods,43,0
0.14786713259345038,10,uniform,0.2,prob_true,0.14285714285714285,fit-age-sex-bloods,43,0
0.16985674937542158,10,uniform,0.2,prob_true,0.07142857142857142,fit-age-sex-bloods,43,0
0.18886358670850725,10,uniform,0.2,prob_true,0.5,fit-age-sex-bloods,43,0
0.004889795423094104,10,uniform,0.2,n_total,4233.0,fit-age-sex-bloods,43,0
0.028638654567441506,10,uniform,0.2,n_total,345.0,fit-age-sex-bloods,43,0
0.04903227414645392,10,uniform,0.2,n_total,159.0,fit-age-sex-bloods,43,0
0.06758018881662325,10,uniform,0.2,n_total,70.0,fit-age-sex-bloods,43,0
0.08835365697304147,10,uniform,0.2,n_total,47.0,fit-age-sex-bloods,43,0
0.10695956965299142,10,uniform,0.2,n_total,41.0,fit-age-sex-bloods,43,0
0.13097856970714145,10,uniform,0.2,n_total,26.0,fit-age-sex-bloods,43,0
0.14786713259345038,10,uniform,0.2,n_total,14.0,fit-age-sex-bloods,43,0
0.16985674937542158,10,uniform,0.2,n_total,14.0,fit-age-sex-bloods,43,0
0.18886358670850725,10,uniform,0.2,n_total,8.0,fit-age-sex-bloods,43,0
0.004889795423094104,10,uniform,0.2,n_event,23.0,fit-age-sex-bloods,43,0
0.028638654567441506,10,uniform,0.2,n_event,12.0,fit-age-sex-bloods,43,0
0.04903227414645392,10,uniform,0.2,n_event,19.0,fit-age-sex-bloods,43,0
0.06758018881662325,10,uniform,0.2,n_event,3.0,fit-age-sex-bloods,43,0
0.08835365697304147,10,uniform,0.2,n_event,1.0,fit-age-sex-bloods,43,0
0.10695956965299142,10,uniform,0.2,n_event,5.0,fit-age-sex-bloods,43,0
0.13097856970714145,10,uniform,0.2,n_event,2.0,fit-age-sex-bloods,43,0
0.14786713259345038,10,uniform,0.2,n_event,2.0,fit-age-sex-bloods,43,0
0.16985674937542158,10,uniform,0.2,n_event,1.0,fit-age-sex-bloods,43,0
0.18886358670850725,10,uniform,0.2,n_event,4.0,fit-age-sex-bloods,43,0
0.008223945674195246,10,uniform,0.62,prob_true,0.011583824768323505,fit-age-sex-bloods,43,0
0.08615886595457108,10,uniform,0.62,prob_true,0.06711409395973154,fit-age-sex-bloods,43,0
0.1470595814155945,10,uniform,0.62,prob_true,0.05660377358490566,fit-age-sex-bloods,43,0
0.2067440880712077,10,uniform,0.62,prob_true,0.35,fit-age-sex-bloods,43,0
0.279826381301319,10,uniform,0.62,prob_true,0.5,fit-age-sex-bloods,43,0
0.33232589975525756,10,uniform,0.62,prob_true,0.8,fit-age-sex-bloods,43,0
0.4100355694394459,10,uniform,0.62,prob_true,0.6666666666666666,fit-age-sex-bloods,43,0
0.4474730122385827,10,uniform,0.62,prob_true,1.0,fit-age-sex-bloods,43,0
0.5261246281144509,10,uniform,0.62,prob_true,0.5,fit-age-sex-bloods,43,0
0.6044545418780091,10,uniform,0.62,prob_true,1.0,fit-age-sex-bloods,43,0
0.008223945674195246,10,uniform,0.62,n_total,4748.0,fit-age-sex-bloods,43,0
0.08615886595457108,10,uniform,0.62,n_total,149.0,fit-age-sex-bloods,43,0
0.1470595814155945,10,uniform,0.62,n_total,53.0,fit-age-sex-bloods,43,0
0.2067440880712077,10,uniform,0.62,n_total,20.0,fit-age-sex-bloods,43,0
0.279826381301319,10,uniform,0.62,n_total,10.0,fit-age-sex-bloods,43,0
0.33232589975525756,10,uniform,0.62,n_total,5.0,fit-age-sex-bloods,43,0
0.4100355694394459,10,uniform,0.62,n_total,9.0,fit-age-sex-bloods,43,0
0.4474730122385827,10,uniform,0.62,n_total,1.0,fit-age-sex-bloods,43,0
0.5261246281144509,10,uniform,0.62,n_total,2.0,fit-age-sex-bloods,43,0
0.6044545418780091,10,uniform,0.62,n_total,2.0,fit-age-sex-bloods,43,0
0.008223945674195246,10,uniform,0.62,n_event,55.0,fit-age-sex-bloods,43,0
0.08615886595457108,10,uniform,0.62,n_event,10.0,fit-age-sex-bloods,43,0
0.1470595814155945,10,uniform,0.62,n_event,3.0,fit-age-sex-bloods,43,0
0.2067440880712077,10,uniform,0.62,n_event,7.0,fit-age-sex-bloods,43,0
0.279826381301319,10,uniform,0.62,n_event,5.0,fit-age-sex-bloods,43,0
0.33232589975525756,10,uniform,0.62,n_event,4.0,fit-age-sex-bloods,43,0
0.4100355694394459,10,uniform,0.62,n_event,6.0,fit-age-sex-bloods,43,0
0.4474730122385827,10,uniform,0.62,n_event,1.0,fit-age-sex-bloods,43,0
0.5261246281144509,10,uniform,0.62,n_event,1.0,fit-age-sex-bloods,43,0
0.6044545418780091,10,uniform,0.62,n_event,2.0,fit-age-sex-bloods,43,0
0.0051695064521989935,10,uniform,0.2,prob_true,0.006649251959154595,fit-age-sex,43,0
0.02837818900354705,10,uniform,0.2,prob_true,0.050761421319796954,fit-age-sex,43,0
0.04907084951475919,10,uniform,0.2,prob_true,0.08823529411764706,fit-age-sex,43,0
0.06870747564627784,10,uniform,0.2,prob_true,0.0273972602739726,fit-age-sex,43,0
0.09020064052649533,10,uniform,0.2,prob_true,0.0,fit-age-sex,43,0
0.10904894848224508,10,uniform,0.2,prob_true,0.25,fit-age-sex,43,0
0.12973864983583014,10,uniform,0.2,prob_true,0.0625,fit-age-sex,43,0
0.1473909112245743,10,uniform,0.2,prob_true,0.05,fit-age-sex,43,0
0.16559760642809415,10,uniform,0.2,prob_true,0.5,fit-age-sex,43,0
0.18979752255919083,10,uniform,0.2,prob_true,0.5714285714285714,fit-age-sex,43,0
0.0051695064521989935,10,uniform,0.2,n_total,4211.0,fit-age-sex,43,0
0.02837818900354705,10,uniform,0.2,n_total,394.0,fit-age-sex,43,0
0.04907084951475919,10,uniform,0.2,n_total,136.0,fit-age-sex,43,0
0.06870747564627784,10,uniform,0.2,n_total,73.0,fit-age-sex,43,0
0.09020064052649533,10,uniform,0.2,n_total,45.0,fit-age-sex,43,0
0.10904894848224508,10,uniform,0.2,n_total,32.0,fit-age-sex,43,0
0.12973864983583014,10,uniform,0.2,n_total,32.0,fit-age-sex,43,0
0.1473909112245743,10,uniform,0.2,n_total,20.0,fit-age-sex,43,0
0.16559760642809415,10,uniform,0.2,n_total,4.0,fit-age-sex,43,0
0.18979752255919083,10,uniform,0.2,n_total,14.0,fit-age-sex,43,0
0.0051695064521989935,10,uniform,0.2,n_event,28.0,fit-age-sex,43,0
0.02837818900354705,10,uniform,0.2,n_event,20.0,fit-age-sex,43,0
0.04907084951475919,10,uniform,0.2,n_event,12.0,fit-age-sex,43,0
0.06870747564627784,10,uniform,0.2,n_event,2.0,fit-age-sex,43,0
0.09020064052649533,10,uniform,0.2,n_event,0.0,fit-age-sex,43,0
0.10904894848224508,10,uniform,0.2,n_event,8.0,fit-age-sex,43,0
0.12973864983583014,10,uniform,0.2,n_event,2.0,fit-age-sex,43,0
0.1473909112245743,10,uniform,0.2,n_event,1.0,fit-age-sex,43,0
0.16559760642809415,10,uniform,0.2,n_event,2.0,fit-age-sex,43,0
0.18979752255919083,10,uniform,0.2,n_event,8.0,fit-age-sex,43,0
0.008424604129128044,10,uniform,0.62,prob_true,0.012639561828523278,fit-age-sex,43,0
0.0861443614390513,10,uniform,0.62,prob_true,0.06666666666666667,fit-age-sex,43,0
0.14531931610427265,10,uniform,0.62,prob_true,0.125,fit-age-sex,43,0
0.20676537841116172,10,uniform,0.62,prob_true,0.2727272727272727,fit-age-sex,43,0
0.2637219196325546,10,uniform,0.62,prob_true,0.3333333333333333,fit-age-sex,43,0
0.34228333073823175,10,uniform,0.62,prob_true,0.0,fit-age-sex,43,0
0.4138172323505757,10,uniform,0.62,prob_true,0.6,fit-age-sex,43,0
0.46604589170832594,10,uniform,0.62,prob_true,0.5,fit-age-sex,43,0
0.5331259173742582,10,uniform,0.62,prob_true,0.75,fit-age-sex,43,0
0.008424604129128044,10,uniform,0.62,n_total,4747.0,fit-age-sex,43,0
0.0861443614390513,10,uniform,0.62,n_total,150.0,fit-age-sex,43,0
0.14531931610427265,10,uniform,0.62,n_total,56.0,fit-age-sex,43,0
0.20676537841116172,10,uniform,0.62,n_total,22.0,fit-age-sex,43,0
0.2637219196325546,10,uniform,0.62,n_total,6.0,fit-age-sex,43,0
0.34228333073823175,10,uniform,0.62,n_total,3.0,fit-age-sex,43,0
0.4138172323505757,10,uniform,0.62,n_total,10.0,fit-age-sex,43,0
0.46604589170832594,10,uniform,0.62,n_total,2.0,fit-age-sex,43,0
0.5331259173742582,10,uniform,0.62,n_total,4.0,fit-age-sex,43,0
0.008424604129128044,10,uniform,0.62,n_event,60.0,fit-age-sex,43,0
0.0861443614390513,10,uniform,0.62,n_event,10.0,fit-age-sex,43,0
0.14531931610427265,10,uniform,0.62,n_event,7.0,fit-age-sex,43,0
0.20676537841116172,10,uniform,0.62,n_event,6.0,fit-age-sex,43,0
0.2637219196325546,10,uniform,0.62,n_event,2.0,fit-age-sex,43,0
0.34228333073823175,10,uniform,0.62,n_event,0.0,fit-age-sex,43,0
0.4138172323505757,10,uniform,0.62,n_event,6.0,fit-age-sex,43,0
0.46604589170832594,10,uniform,0.62,n_event,1.0,fit-age-sex,43,0
0.5331259173742582,10,uniform,0.62,n_event,3.0,fit-age-sex,43,0
0.004959629370490675,10,uniform,0.2,prob_true,0.0064039408866995075,fit-spline,43,0
0.028582151964766517,10,uniform,0.2,prob_true,0.02576112412177986,fit-spline,43,0
0.04974330720597707,10,uniform,0.2,prob_true,0.08695652173913043,fit-spline,43,0
0.06882058410885109,10,uniform,0.2,prob_true,0.0660377358490566,fit-spline,43,0
0.08913132472949992,10,uniform,0.2,prob_true,0.037037037037037035,fit-spline,43,0
0.1092308424967363,10,uniform,0.2,prob_true,0.18181818181818182,fit-spline,43,0
0.12969992817741052,10,uniform,0.2,prob_true,0.0,fit-spline,43,0
0.14836646391480793,10,uniform,0.2,prob_true,0.19047619047619047,fit-spline,43,0
0.17021215391453262,10,uniform,0.2,prob_true,0.13333333333333333,fit-spline,43,0
0.18709452619169564,10,uniform,0.2,prob_true,0.5,fit-spline,43,0
0.004959629370490675,10,uniform,0.2,n_total,4060.0,fit-spline,43,0
0.028582151964766517,10,uniform,0.2,n_total,427.0,fit-spline,43,0
0.04974330720597707,10,uniform,0.2,n_total,184.0,fit-spline,43,0
0.06882058410885109,10,uniform,0.2,n_total,106.0,fit-spline,43,0
0.08913132472949992,10,uniform,0.2,n_total,54.0,fit-spline,43,0
0.1092308424967363,10,uniform,0.2,n_total,44.0,fit-spline,43,0
0.12969992817741052,10,uniform,0.2,n_total,39.0,fit-spline,43,0
0.14836646391480793,10,uniform,0.2,n_total,21.0,fit-spline,43,0
0.17021215391453262,10,uniform,0.2,n_total,15.0,fit-spline,43,0
0.18709452619169564,10,uniform,0.2,n_total,6.0,fit-spline,43,0
0.004959629370490675,10,uniform,0.2,n_event,26.0,fit-spline,43,0
0.028582151964766517,10,uniform,0.2,n_event,11.0,fit-spline,43,0
0.04974330720597707,10,uniform,0.2,n_event,16.0,fit-spline,43,0
0.06882058410885109,10,uniform,0.2,n_event,7.0,fit-spline,43,0
0.08913132472949992,10,uniform,0.2,n_event,2.0,fit-spline,43,0
0.1092308424967363,10,uniform,0.2,n_event,8.0,fit-spline,43,0
0.12969992817741052,10,uniform,0.2,n_event,0.0,fit-spline,43,0
0.14836646391480793,10,uniform,0.2,n_event,4.0,fit-spline,43,0
0.17021215391453262,10,uniform,0.2,n_event,2.0,fit-spline,43,0
0.18709452619169564,10,uniform,0.2,n_event,3.0,fit-spline,43,0
0.008308932183784761,10,uniform,0.54,prob_true,0.01061525129982669,fit-spline,43,0
0.07395198706716066,10,uniform,0.54,prob_true,0.06751054852320675,fit-spline,43,0
0.13050017348411305,10,uniform,0.54,prob_true,0.10975609756097561,fit-spline,43,0
0.18419505829297517,10,uniform,0.54,prob_true,0.26666666666666666,fit-spline,43,0
0.23366359923870061,10,uniform,0.54,prob_true,0.1875,fit-spline,43,0
0.304052274395857,10,uniform,0.54,prob_true,0.3333333333333333,fit-spline,43,0
0.3397998900457172,10,uniform,0.54,prob_true,0.7142857142857143,fit-spline,43,0
0.39350865253406614,10,uniform,0.54,prob_true,0.3333333333333333,fit-spline,43,0
0.4599632491173002,10,uniform,0.54,prob_true,0.6666666666666666,fit-spline,43,0
0.008308932183784761,10,uniform,0.54,n_total,4616.0,fit-spline,43,0
0.07395198706716066,10,uniform,0.54,n_total,237.0,fit-spline,43,0
0.13050017348411305,10,uniform,0.54,n_total,82.0,fit-spline,43,0
0.18419505829297517,10,uniform,0.54,n_total,30.0,fit-spline,43,0
0.23366359923870061,10,uniform,0.54,n_total,16.0,fit-spline,43,0
0.304052274395857,10,uniform,0.54,n_total,6.0,fit-spline,43,0
0.3397998900457172,10,uniform,0.54,n_total,7.0,fit-spline,43,0
0.39350865253406614,10,uniform,0.54,n_total,3.0,fit-spline,43,0
0.4599632491173002,10,uniform,0.54,n_total,3.0,fit-spline,43,0
0.008308932183784761,10,uniform,0.54,n_event,49.0,fit-spline,43,0
0.07395198706716066,10,uniform,0.54,n_event,16.0,fit-spline,43,0
0.13050017348411305,10,uniform,0.54,n_event,9.0,fit-spline,43,0
0.18419505829297517,10,uniform,0.54,n_event,8.0,fit-spline,43,0
0.23366359923870061,10,uniform,0.54,n_event,3.0,fit-spline,43,0
0.304052274395857,10,uniform,0.54,n_event,2.0,fit-spline,43,0
0.3397998900457172,10,uniform,0.54,n_event,5.0,fit-spline,43,0
0.39350865253406614,10,uniform,0.54,n_event,1.0,fit-spline,43,0
0.4599632491173002,10,uniform,0.54,n_event,2.0,fit-spline,43,0
0.004819874306006034,10,uniform,0.2,prob_true,0.005284650492433342,fit-age-sex-bloods,64,0
0.028124686839659067,10,uniform,0.2,prob_true,0.03333333333333333,fit-age-sex-bloods,64,0
0.04853820313459422,10,uniform,0.2,prob_true,0.09883720930232558,fit-age-sex-bloods,64,0
0.06742656898205597,10,uniform,0.2,prob_true,0.013513513513513514,fit-age-sex-bloods,64,0
0.08830138766815145,10,uniform,0.2,prob_true,0.03508771929824561,fit-age-sex-bloods,64,0
0.10791033155991189,10,uniform,0.2,prob_true,0.19444444444444445,fit-age-sex-bloods,64,0
0.12802151111291568,10,uniform,0.2,prob_true,0.0,fit-age-sex-bloods,64,0
0.14939717479890557,10,uniform,0.2,prob_true,0.0625,fit-age-sex-bloods,64,0
0.17024679496799203,10,uniform,0.2,prob_true,0.18181818181818182,fit-age-sex-bloods,64,0
0.19452757605161786,10,uniform,0.2,prob_true,0.0,fit-age-sex-bloods,64,0
0.004819874306006034,10,uniform,0.2,n_total,4163.0,fit-age-sex-bloods,64,0
0.028124686839659067,10,uniform,0.2,n_total,390.0,fit-age-sex-bloods,64,0
0.04853820313459422,10,uniform,0.2,n_total,172.0,fit-age-sex-bloods,64,0
0.06742656898205597,10,uniform,0.2,n_total,74.0,fit-age-sex-bloods,64,0
0.08830138766815145,10,uniform,0.2,n_total,57.0,fit-age-sex-bloods,64,0
0.10791033155991189,10,uniform,0.2,n_total,36.0,fit-age-sex-bloods,64,0
0.12802151111291568,10,uniform,0.2,n_total,36.0,fit-age-sex-bloods,64,0
0.14939717479890557,10,uniform,0.2,n_total,16.0,fit-age-sex-bloods,64,0
0.17024679496799203,10,uniform,0.2,n_total,11.0,fit-age-sex-bloods,64,0
0.19452757605161786,10,uniform,0.2,n_total,11.0,fit-age-sex-bloods,64,0
0.004819874306006034,10,uniform,0.2,n_event,22.0,fit-age-sex-bloods,64,0
0.028124686839659067,10,uniform,0.2,n_event,13.0,fit-age-sex-bloods,64,0
0.04853820313459422,10,uniform,0.2,n_event,17.0,fit-age-sex-bloods,64,0
0.06742656898205597,10,uniform,0.2,n_event,1.0,fit-age-sex-bloods,64,0
0.08830138766815145,10,uniform,0.2,n_event,2.0,fit-age-sex-bloods,64,0
0.10791033155991189,10,uniform,0.2,n_event,7.0,fit-age-sex-bloods,64,0
0.12802151111291568,10,uniform,0.2,n_event,0.0,fit-age-sex-bloods,64,0
0.14939717479890557,10,uniform,0.2,n_event,1.0,fit-age-sex-bloods,64,0
0.17024679496799203,10,uniform,0.2,n_event,2.0,fit-age-sex-bloods,64,0
0.19452757605161786,10,uniform,0.2,n_event,0.0,fit-age-sex-bloods,64,0
0.0084673061426907,10,uniform,0.62,prob_true,0.010977411864048976,fit-age-sex-bloods,64,0
0.08637289098450894,10,uniform,0.62,prob_true,0.062111801242236024,fit-age-sex-bloods,64,0
0.14358670391731543,10,uniform,0.62,prob_true,0.05172413793103448,fit-age-sex-bloods,64,0
0.2080780380539905,10,uniform,0.62,prob_true,0.045454545454545456,fit-age-sex-bloods,64,0
0.2742507792535316,10,uniform,0.62,prob_true,0.6666666666666666,fit-age-sex-bloods,64,0
0.3519643225122648,10,uniform,0.62,prob_true,0.6666666666666666,fit-age-sex-bloods,64,0
0.4071165140087154,10,uniform,0.62,prob_true,0.6666666666666666,fit-age-sex-bloods,64,0
0.4474730122385827,10,uniform,0.62,prob_true,1.0,fit-age-sex-bloods,64,0
0.5264695400694109,10,uniform,0.62,prob_true,1.0,fit-age-sex-bloods,64,0
0.6044545418780091,10,uniform,0.62,prob_true,1.0,fit-age-sex-bloods,64,0
0.0084673061426907,10,uniform,0.62,n_total,4737.0,fit-age-sex-bloods,64,0
0.08637289098450894,10,uniform,0.62,n_total,161.0,fit-age-sex-bloods,64,0
0.14358670391731543,10,uniform,0.62,n_total,58.0,fit-age-sex-bloods,64,0
0.2080780380539905,10,uniform,0.62,n_total,22.0,fit-age-sex-bloods,64,0
0.2742507792535316,10,uniform,0.62,n_total,6.0,fit-age-sex-bloods,64,0
0.3519643225122648,10,uniform,0.62,n_total,3.0,fit-age-sex-bloods,64,0
0.4071165140087154,10,uniform,0.62,n_total,6.0,fit-age-sex-bloods,64,0
0.4474730122385827,10,uniform,0.62,n_total,1.0,fit-age-sex-bloods,64,0
0.5264695400694109,10,uniform,0.62,n_total,3.0,fit-age-sex-bloods,64,0
0.6044545418780091,10,uniform,0.62,n_total,2.0,fit-age-sex-bloods,64,0
0.0084673061426907,10,uniform,0.62,n_event,52.0,fit-age-sex-bloods,64,0
0.08637289098450894,10,uniform,0.62,n_event,10.0,fit-age-sex-bloods,64,0
0.14358670391731543,10,uniform,0.62,n_event,3.0,fit-age-sex-bloods,64,0
0.2080780380539905,10,uniform,0.62,n_event,1.0,fit-age-sex-bloods,64,0
0.2742507792535316,10,uniform,0.62,n_event,4.0,fit-age-sex-bloods,64,0
0.3519643225122648,10,uniform,0.62,n_event,2.0,fit-age-sex-bloods,64,0
0.4071165140087154,10,uniform,0.62,n_event,4.0,fit-age-sex-bloods,64,0
0.4474730122385827,10,uniform,0.62,n_event,1.0,fit-age-sex-bloods,64,0
0.5264695400694109,10,uniform,0.62,n_event,3.0,fit-age-sex-bloods,64,0
0.6044545418780091,10,uniform,0.62,n_event,2.0,fit-age-sex-bloods,64,0
0.005286523260108936,10,uniform,0.2,prob_true,0.0064779270633397315,fit-age-sex,64,0
0.028202723451997605,10,uniform,0.2,prob_true,0.03816793893129771,fit-age-sex,64,0
0.049891806557542696,10,uniform,0.2,prob_true,0.058823529411764705,fit-age-sex,64,0
0.0685630077378621,10,uniform,0.2,prob_true,0.05263157894736842,fit-age-sex,64,0
0.08901272690065076,10,uniform,0.2,prob_true,0.041666666666666664,fit-age-sex,64,0
0.10914194189041788,10,uniform,0.2,prob_true,0.19444444444444445,fit-age-sex,64,0
0.12948846043444703,10,uniform,0.2,prob_true,0.0,fit-age-sex,64,0
0.14666144369765574,10,uniform,0.2,prob_true,0.06666666666666667,fit-age-sex,64,0
0.17031335990161636,10,uniform,0.2,prob_true,0.16666666666666666,fit-age-sex,64,0
0.18686101752287473,10,uniform,0.2,prob_true,0.09090909090909091,fit-age-sex,64,0
0.005286523260108936,10,uniform,0.2,n_total,4168.0,fit-age-sex,64,0
0.028202723451997605,10,uniform,0.2,n_total,393.0,fit-age-sex,64,0
0.049891806557542696,10,uniform,0.2,n_total,170.0,fit-age-sex,64,0
0.0685630077378621,10,uniform,0.2,n_total,76.0,fit-age-sex,64,0
0.08901272690065076,10,uniform,0.2,n_total,48.0,fit-age-sex,64,0
0.10914194189041788,10,uniform,0.2,n_total,36.0,fit-age-sex,64,0
0.12948846043444703,10,uniform,0.2,n_total,36.0,fit-age-sex,64,0
0.14666144369765574,10,uniform,0.2,n_total,15.0,fit-age-sex,64,0
0.17031335990161636,10,uniform,0.2,n_total,6.0,fit-age-sex,64,0
0.18686101752287473,10,uniform,0.2,n_total,11.0,fit-age-sex,64,0
0.005286523260108936,10,uniform,0.2,n_event,27.0,fit-age-sex,64,0
0.028202723451997605,10,uniform,0.2,n_event,15.0,fit-age-sex,64,0
0.049891806557542696,10,uniform,0.2,n_event,10.0,fit-age-sex,64,0
0.0685630077378621,10,uniform,0.2,n_event,4.0,fit-age-sex,64,0
0.08901272690065076,10,uniform,0.2,n_event,2.0,fit-age-sex,64,0
0.10914194189041788,10,uniform,0.2,n_event,7.0,fit-age-sex,64,0
0.12948846043444703,10,uniform,0.2,n_event,0.0,fit-age-sex,64,0
0.14666144369765574,10,uniform,0.2,n_event,1.0,fit-age-sex,64,0
0.17031335990161636,10,uniform,0.2,n_event,1.0,fit-age-sex,64,0
0.18686101752287473,10,uniform,0.2,n_event,1.0,fit-age-sex,64,0
0.008925492089373368,10,uniform,0.62,prob_true,0.010963525195024247,fit-age-sex,64,0
0.08772185190657264,10,uniform,0.62,prob_true,0.08280254777070063,fit-age-sex,64,0
0.14612866478304717,10,uniform,0.62,prob_true,0.037037037037037035,fit-age-sex,64,0
0.21170591402888098,10,uniform,0.62,prob_true,0.047619047619047616,fit-age-sex,64,0
0.2772460779271517,10,uniform,0.62,prob_true,0.4,fit-age-sex,64,0
0.3425541960463068,10,uniform,0.62,prob_true,0.375,fit-age-sex,64,0
0.4108478784748817,10,uniform,0.62,prob_true,0.8,fit-age-sex,64,0
0.4406112626890122,10,uniform,0.62,prob_true,1.0,fit-age-sex,64,0
0.5294008633201058,10,uniform,0.62,prob_true,0.8333333333333334,fit-age-sex,64,0
0.008925492089373368,10,uniform,0.62,n_total,4743.0,fit-age-sex,64,0
0.08772185190657264,10,uniform,0.62,n_total,157.0,fit-age-sex,64,0
0.14612866478304717,10,uniform,0.62,n_total,54.0,fit-age-sex,64,0
0.21170591402888098,10,uniform,0.62,n_total,21.0,fit-age-sex,64,0
0.2772460779271517,10,uniform,0.62,n_total,5.0,fit-age-sex,64,0
0.3425541960463068,10,uniform,0.62,n_total,8.0,fit-age-sex,64,0
0.4108478784748817,10,uniform,0.62,n_total,5.0,fit-age-sex,64,0
0.4406112626890122,10,uniform,0.62,n_total,1.0,fit-age-sex,64,0
0.5294008633201058,10,uniform,0.62,n_total,6.0,fit-age-sex,64,0
0.008925492089373368,10,uniform,0.62,n_event,52.0,fit-age-sex,64,0
0.08772185190657264,10,uniform,0.62,n_event,13.0,fit-age-sex,64,0
0.14612866478304717,10,uniform,0.62,n_event,2.0,fit-age-sex,64,0
0.21170591402888098,10,uniform,0.62,n_event,1.0,fit-age-sex,64,0
0.2772460779271517,10,uniform,0.62,n_event,2.0,fit-age-sex,64,0
0.3425541960463068,10,uniform,0.62,n_event,3.0,fit-age-sex,64,0
0.4108478784748817,10,uniform,0.62,n_event,4.0,fit-age-sex,64,0
0.4406112626890122,10,uniform,0.62,n_event,1.0,fit-age-sex,64,0
0.5294008633201058,10,uniform,0.62,n_event,5.0,fit-age-sex,64,0
0.004973013858962211,10,uniform,0.2,prob_true,0.006015037593984963,fit-spline,64,0
0.028479320036960413,10,uniform,0.2,prob_true,0.02857142857142857,fit-spline,64,0
0.04867906395898363,10,uniform,0.2,prob_true,0.04639175257731959,fit-spline,64,0
0.0683568425175852,10,uniform,0.2,prob_true,0.064,fit-spline,64,0
0.08982014125629184,10,uniform,0.2,prob_true,0.03225806451612903,fit-spline,64,0
0.10950984818031073,10,uniform,0.2,prob_true,0.14035087719298245,fit-spline,64,0
0.12952675549922837,10,uniform,0.2,prob_true,0.0,fit-spline,64,0
0.1478745621115136,10,uniform,0.2,prob_true,0.05555555555555555,fit-spline,64,0
0.17058773601120966,10,uniform,0.2,prob_true,0.1111111111111111,fit-spline,64,0
0.1936196823124637,10,uniform,0.2,prob_true,0.0,fit-spline,64,0
0.004973013858962211,10,uniform,0.2,n_total,3990.0,fit-spline,64,0
0.028479320036960413,10,uniform,0.2,n_total,455.0,fit-spline,64,0
0.04867906395898363,10,uniform,0.2,n_total,194.0,fit-spline,64,0
0.0683568425175852,10,uniform,0.2,n_total,125.0,fit-spline,64,0
0.08982014125629184,10,uniform,0.2,n_total,62.0,fit-spline,64,0
0.10950984818031073,10,uniform,0.2,n_total,57.0,fit-spline,64,0
0.12952675549922837,10,uniform,0.2,n_total,35.0,fit-spline,64,0
0.1478745621115136,10,uniform,0.2,n_total,18.0,fit-spline,64,0
0.17058773601120966,10,uniform,0.2,n_total,18.0,fit-spline,64,0
0.1936196823124637,10,uniform,0.2,n_total,7.0,fit-spline,64,0
0.004973013858962211,10,uniform,0.2,n_event,24.0,fit-spline,64,0
0.028479320036960413,10,uniform,0.2,n_event,13.0,fit-spline,64,0
0.04867906395898363,10,uniform,0.2,n_event,9.0,fit-spline,64,0
0.0683568425175852,10,uniform,0.2,n_event,8.0,fit-spline,64,0
0.08982014125629184,10,uniform,0.2,n_event,2.0,fit-spline,64,0
0.10950984818031073,10,uniform,0.2,n_event,8.0,fit-spline,64,0
0.12952675549922837,10,uniform,0.2,n_event,0.0,fit-spline,64,0
0.1478745621115136,10,uniform,0.2,n_event,1.0,fit-spline,64,0
0.17058773601120966,10,uniform,0.2,n_event,2.0,fit-spline,64,0
0.1936196823124637,10,uniform,0.2,n_event,0.0,fit-spline,64,0
0.008567353726355606,10,uniform,0.54,prob_true,0.010028340963592761,fit-spline,64,0
0.07484031538903636,10,uniform,0.54,prob_true,0.06367041198501873,fit-spline,64,0
0.12900234377701045,10,uniform,0.54,prob_true,0.023809523809523808,fit-spline,64,0
0.18478176622768736,10,uniform,0.54,prob_true,0.06666666666666667,fit-spline,64,0
0.23453525023385716,10,uniform,0.54,prob_true,0.25,fit-spline,64,0
0.30021226465260403,10,uniform,0.54,prob_true,0.5714285714285714,fit-spline,64,0
0.3376430554331566,10,uniform,0.54,prob_true,0.5714285714285714,fit-spline,64,0
0.40722018511234165,10,uniform,0.54,prob_true,1.0,fit-spline,64,0
0.4599632491173002,10,uniform,0.54,prob_true,0.6666666666666666,fit-spline,64,0
0.008567353726355606,10,uniform,0.54,n_total,4587.0,fit-spline,64,0
0.07484031538903636,10,uniform,0.54,n_total,267.0,fit-spline,64,0
0.12900234377701045,10,uniform,0.54,n_total,84.0,fit-spline,64,0
0.18478176622768736,10,uniform,0.54,n_total,30.0,fit-spline,64,0
0.23453525023385716,10,uniform,0.54,n_total,12.0,fit-spline,64,0
0.30021226465260403,10,uniform,0.54,n_total,7.0,fit-spline,64,0
0.3376430554331566,10,uniform,0.54,n_total,7.0,fit-spline,64,0
0.40722018511234165,10,uniform,0.54,n_total,3.0,fit-spline,64,0
0.4599632491173002,10,uniform,0.54,n_total,3.0,fit-spline,64,0
0.008567353726355606,10,uniform,0.54,n_event,46.0,fit-spline,64,0
0.07484031538903636,10,uniform,0.54,n_event,17.0,fit-spline,64,0
0.12900234377701045,10,uniform,0.54,n_event,2.0,fit-spline,64,0
0.18478176622768736,10,uniform,0.54,n_event,2.0,fit-spline,64,0
0.23453525023385716,10,uniform,0.54,n_event,3.0,fit-spline,64,0
0.30021226465260403,10,uniform,0.54,n_event,4.0,fit-spline,64,0
0.3376430554331566,10,uniform,0.54,n_event,4.0,fit-spline,64,0
0.40722018511234165,10,uniform,0.54,n_event,3.0,fit-spline,64,0
0.4599632491173002,10,uniform,0.54,n_event,2.0,fit-spline,64,0
0.004860693367937925,10,uniform,0.2,prob_true,0.0030915576694411414,fit-age-sex-bloods,75,0
0.02847576111456153,10,uniform,0.2,prob_true,0.036011080332409975,fit-age-sex-bloods,75,0
0.049400293493499545,10,uniform,0.2,prob_true,0.04216867469879518,fit-age-sex-bloods,75,0
0.06798592387015585,10,uniform,0.2,prob_true,0.05063291139240506,fit-age-sex-bloods,75,0
0.08920988596929809,10,uniform,0.2,prob_true,0.07936507936507936,fit-age-sex-bloods,75,0
0.10518178142632899,10,uniform,0.2,prob_true,0.15625,fit-age-sex-bloods,75,0
0.1310661295330742,10,uniform,0.2,prob_true,0.0,fit-age-sex-bloods,75,0
0.1460045556416856,10,uniform,0.2,prob_true,0.06666666666666667,fit-age-sex-bloods,75,0
0.1713422043776358,10,uniform,0.2,prob_true,0.2,fit-age-sex-bloods,75,0
0.1902183884345549,10,uniform,0.2,prob_true,0.2222222222222222,fit-age-sex-bloods,75,0
0.004860693367937925,10,uniform,0.2,n_total,4205.0,fit-age-sex-bloods,75,0
0.02847576111456153,10,uniform,0.2,n_total,361.0,fit-age-sex-bloods,75,0
0.049400293493499545,10,uniform,0.2,n_total,166.0,fit-age-sex-bloods,75,0
0.06798592387015585,10,uniform,0.2,n_total,79.0,fit-age-sex-bloods,75,0
0.08920988596929809,10,uniform,0.2,n_total,63.0,fit-age-sex-bloods,75,0
0.10518178142632899,10,uniform,0.2,n_total,32.0,fit-age-sex-bloods,75,0
0.1310661295330742,10,uniform,0.2,n_total,25.0,fit-age-sex-bloods,75,0
0.1460045556416856,10,uniform,0.2,n_total,15.0,fit-age-sex-bloods,75,0
0.1713422043776358,10,uniform,0.2,n_total,15.0,fit-age-sex-bloods,75,0
0.1902183884345549,10,uniform,0.2,n_total,9.0,fit-age-sex-bloods,75,0
0.004860693367937925,10,uniform,0.2,n_event,13.0,fit-age-sex-bloods,75,0
0.02847576111456153,10,uniform,0.2,n_event,13.0,fit-age-sex-bloods,75,0
0.049400293493499545,10,uniform,0.2,n_event,7.0,fit-age-sex-bloods,75,0
0.06798592387015585,10,uniform,0.2,n_event,4.0,fit-age-sex-bloods,75,0
0.08920988596929809,10,uniform,0.2,n_event,5.0,fit-age-sex-bloods,75,0
0.10518178142632899,10,uniform,0.2,n_event,5.0,fit-age-sex-bloods,75,0
0.1310661295330742,10,uniform,0.2,n_event,0.0,fit-age-sex-bloods,75,0
0.1460045556416856,10,uniform,0.2,n_event,1.0,fit-age-sex-bloods,75,0
0.1713422043776358,10,uniform,0.2,n_event,3.0,fit-age-sex-bloods,75,0
0.1902183884345549,10,uniform,0.2,n_event,2.0,fit-age-sex-bloods,75,0
0.008380350738054593,10,uniform,0.62,prob_true,0.007163927517909819,fit-age-sex-bloods,75,0
0.08484884067808683,10,uniform,0.62,prob_true,0.08024691358024691,fit-age-sex-bloods,75,0
0.14706678769560202,10,uniform,0.62,prob_true,0.07547169811320754,fit-age-sex-bloods,75,0
0.20675849850189798,10,uniform,0.62,prob_true,0.16666666666666666,fit-age-sex-bloods,75,0
0.2736535517911187,10,uniform,0.62,prob_true,0.8888888888888888,fit-age-sex-bloods,75,0
0.34414794006641797,10,uniform,0.62,prob_true,1.0,fit-age-sex-bloods,75,0
0.40760492421657724,10,uniform,0.62,prob_true,0.6,fit-age-sex-bloods,75,0
0.5261246281144509,10,uniform,0.62,prob_true,0.5,fit-age-sex-bloods,75,0
0.008380350738054593,10,uniform,0.62,n_total,4746.0,fit-age-sex-bloods,75,0
0.08484884067808683,10,uniform,0.62,n_total,162.0,fit-age-sex-bloods,75,0
0.14706678769560202,10,uniform,0.62,n_total,53.0,fit-age-sex-bloods,75,0
0.20675849850189798,10,uniform,0.62,n_total,18.0,fit-age-sex-bloods,75,0
0.2736535517911187,10,uniform,0.62,n_total,9.0,fit-age-sex-bloods,75,0
0.34414794006641797,10,uniform,0.62,n_total,5.0,fit-age-sex-bloods,75,0
0.40760492421657724,10,uniform,0.62,n_total,5.0,fit-age-sex-bloods,75,0
0.5261246281144509,10,uniform,0.62,n_total,2.0,fit-age-sex-bloods,75,0
0.008380350738054593,10,uniform,0.62,n_event,34.0,fit-age-sex-bloods,75,0
0.08484884067808683,10,uniform,0.62,n_event,13.0,fit-age-sex-bloods,75,0
0.14706678769560202,10,uniform,0.62,n_event,4.0,fit-age-sex-bloods,75,0
0.20675849850189798,10,uniform,0.62,n_event,3.0,fit-age-sex-bloods,75,0
0.2736535517911187,10,uniform,0.62,n_event,8.0,fit-age-sex-bloods,75,0
0.34414794006641797,10,uniform,0.62,n_event,5.0,fit-age-sex-bloods,75,0
0.40760492421657724,10,uniform,0.62,n_event,3.0,fit-age-sex-bloods,75,0
0.5261246281144509,10,uniform,0.62,n_event,1.0,fit-age-sex-bloods,75,0
0.005249852398917838,10,uniform,0.2,prob_true,0.004783544606553456,fit-age-sex,75,0
0.02814658364678848,10,uniform,0.2,prob_true,0.028277634961439587,fit-age-sex,75,0
0.04808913962458295,10,uniform,0.2,prob_true,0.05325443786982249,fit-age-sex,75,0
0.06878978969302056,10,uniform,0.2,prob_true,0.03896103896103896,fit-age-sex,75,0
0.09006725681798923,10,uniform,0.2,prob_true,0.07142857142857142,fit-age-sex,75,0
0.11070463274681447,10,uniform,0.2,prob_true,0.18181818181818182,fit-age-sex,75,0
0.13045901538149304,10,uniform,0.2,prob_true,0.10714285714285714,fit-age-sex,75,0
0.1493397425915498,10,uniform,0.2,prob_true,0.09090909090909091,fit-age-sex,75,0
0.16861393945877792,10,uniform,0.2,prob_true,0.4,fit-age-sex,75,0
0.1902121277705661,10,uniform,0.2,prob_true,0.375,fit-age-sex,75,0
0.005249852398917838,10,uniform,0.2,n_total,4181.0,fit-age-sex,75,0
0.02814658364678848,10,uniform,0.2,n_total,389.0,fit-age-sex,75,0
0.04808913962458295,10,uniform,0.2,n_total,169.0,fit-age-sex,75,0
0.06878978969302056,10,uniform,0.2,n_total,77.0,fit-age-sex,75,0
0.09006725681798923,10,uniform,0.2,n_total,56.0,fit-age-sex,75,0
0.11070463274681447,10,uniform,0.2,n_total,33.0,fit-age-sex,75,0
0.13045901538149304,10,uniform,0.2,n_total,28.0,fit-age-sex,75,0
0.1493397425915498,10,uniform,0.2,n_total,22.0,fit-age-sex,75,0
0.16861393945877792,10,uniform,0.2,n_total,5.0,fit-age-sex,75,0
0.1902121277705661,10,uniform,0.2,n_total,8.0,fit-age-sex,75,0
0.005249852398917838,10,uniform,0.2,n_event,20.0,fit-age-sex,75,0
0.02814658364678848,10,uniform,0.2,n_event,11.0,fit-age-sex,75,0
0.04808913962458295,10,uniform,0.2,n_event,9.0,fit-age-sex,75,0
0.06878978969302056,10,uniform,0.2,n_event,3.0,fit-age-sex,75,0
0.09006725681798923,10,uniform,0.2,n_event,4.0,fit-age-sex,75,0
0.11070463274681447,10,uniform,0.2,n_event,6.0,fit-age-sex,75,0
0.13045901538149304,10,uniform,0.2,n_event,3.0,fit-age-sex,75,0
0.1493397425915498,10,uniform,0.2,n_event,2.0,fit-age-sex,75,0
0.16861393945877792,10,uniform,0.2,n_event,2.0,fit-age-sex,75,0
0.1902121277705661,10,uniform,0.2,n_event,3.0,fit-age-sex,75,0
0.008800224434182281,10,uniform,0.62,prob_true,0.008417508417508417,fit-age-sex,75,0
0.08784113467023932,10,uniform,0.62,prob_true,0.0875,fit-age-sex,75,0
0.1458380180027149,10,uniform,0.62,prob_true,0.12,fit-age-sex,75,0
0.21109299742008295,10,uniform,0.62,prob_true,0.1875,fit-age-sex,75,0
0.26526590034792,10,uniform,0.62,prob_true,0.4,fit-age-sex,75,0
0.3480068090436622,10,uniform,0.62,prob_true,0.4,fit-age-sex,75,0
0.40608830647304345,10,uniform,0.62,prob_true,0.375,fit-age-sex,75,0
0.4702907710627724,10,uniform,0.62,prob_true,0.0,fit-age-sex,75,0
0.521950755211801,10,uniform,0.62,prob_true,1.0,fit-age-sex,75,0
0.6152649806838274,10,uniform,0.62,prob_true,0.0,fit-age-sex,75,0
0.008800224434182281,10,uniform,0.62,n_total,4752.0,fit-age-sex,75,0
0.08784113467023932,10,uniform,0.62,n_total,160.0,fit-age-sex,75,0
0.1458380180027149,10,uniform,0.62,n_total,50.0,fit-age-sex,75,0
0.21109299742008295,10,uniform,0.62,n_total,16.0,fit-age-sex,75,0
0.26526590034792,10,uniform,0.62,n_total,5.0,fit-age-sex,75,0
0.3480068090436622,10,uniform,0.62,n_total,5.0,fit-age-sex,75,0
0.40608830647304345,10,uniform,0.62,n_total,8.0,fit-age-sex,75,0
0.4702907710627724,10,uniform,0.62,n_total,2.0,fit-age-sex,75,0
0.521950755211801,10,uniform,0.62,n_total,1.0,fit-age-sex,75,0
0.6152649806838274,10,uniform,0.62,n_total,1.0,fit-age-sex,75,0
0.008800224434182281,10,uniform,0.62,n_event,40.0,fit-age-sex,75,0
0.08784113467023932,10,uniform,0.62,n_event,14.0,fit-age-sex,75,0
0.1458380180027149,10,uniform,0.62,n_event,6.0,fit-age-sex,75,0
0.21109299742008295,10,uniform,0.62,n_event,3.0,fit-age-sex,75,0
0.26526590034792,10,uniform,0.62,n_event,2.0,fit-age-sex,75,0
0.3480068090436622,10,uniform,0.62,n_event,2.0,fit-age-sex,75,0
0.40608830647304345,10,uniform,0.62,n_event,3.0,fit-age-sex,75,0
0.4702907710627724,10,uniform,0.62,n_event,0.0,fit-age-sex,75,0
0.521950755211801,10,uniform,0.62,n_event,1.0,fit-age-sex,75,0
0.6152649806838274,10,uniform,0.62,n_event,0.0,fit-age-sex,75,0
0.004997964030944384,10,uniform,0.2,prob_true,0.003973181028060591,fit-spline,75,0
0.028701154379064276,10,uniform,0.2,prob_true,0.023696682464454975,fit-spline,75,0
0.048769573675642906,10,uniform,0.2,prob_true,0.04878048780487805,fit-spline,75,0
0.06800850725155144,10,uniform,0.2,prob_true,0.04878048780487805,fit-spline,75,0
0.09079900931544939,10,uniform,0.2,prob_true,0.029411764705882353,fit-spline,75,0
0.10794644503773587,10,uniform,0.2,prob_true,0.16666666666666666,fit-spline,75,0
0.1288476460821565,10,uniform,0.2,prob_true,0.06451612903225806,fit-spline,75,0
0.1500705781346094,10,uniform,0.2,prob_true,0.1111111111111111,fit-spline,75,0
0.17034155257535588,10,uniform,0.2,prob_true,0.06666666666666667,fit-spline,75,0
0.18906890989382852,10,uniform,0.2,prob_true,0.2857142857142857,fit-spline,75,0
0.004997964030944384,10,uniform,0.2,n_total,4027.0,fit-spline,75,0
0.028701154379064276,10,uniform,0.2,n_total,422.0,fit-spline,75,0
0.048769573675642906,10,uniform,0.2,n_total,205.0,fit-spline,75,0
0.06800850725155144,10,uniform,0.2,n_total,123.0,fit-spline,75,0
0.09079900931544939,10,uniform,0.2,n_total,68.0,fit-spline,75,0
0.10794644503773587,10,uniform,0.2,n_total,48.0,fit-spline,75,0
0.1288476460821565,10,uniform,0.2,n_total,31.0,fit-spline,75,0
0.1500705781346094,10,uniform,0.2,n_total,18.0,fit-spline,75,0
0.17034155257535588,10,uniform,0.2,n_total,15.0,fit-spline,75,0
0.18906890989382852,10,uniform,0.2,n_total,7.0,fit-spline,75,0
0.004997964030944384,10,uniform,0.2,n_event,16.0,fit-spline,75,0
0.028701154379064276,10,uniform,0.2,n_event,10.0,fit-spline,75,0
0.048769573675642906,10,uniform,0.2,n_event,10.0,fit-spline,75,0
0.06800850725155144,10,uniform,0.2,n_event,6.0,fit-spline,75,0
0.09079900931544939,10,uniform,0.2,n_event,2.0,fit-spline,75,0
0.10794644503773587,10,uniform,0.2,n_event,8.0,fit-spline,75,0
0.1288476460821565,10,uniform,0.2,n_event,2.0,fit-spline,75,0
0.1500705781346094,10,uniform,0.2,n_event,2.0,fit-spline,75,0
0.17034155257535588,10,uniform,0.2,n_event,1.0,fit-spline,75,0
0.18906890989382852,10,uniform,0.2,n_event,2.0,fit-spline,75,0
0.008542119930910202,10,uniform,0.54,prob_true,0.007603736693460786,fit-spline,75,0
0.07519236140281678,10,uniform,0.54,prob_true,0.05970149253731343,fit-spline,75,0
0.1297633054452453,10,uniform,0.54,prob_true,0.06944444444444445,fit-spline,75,0
0.18449828408696844,10,uniform,0.54,prob_true,0.17857142857142858,fit-spline,75,0
0.23198738440197578,10,uniform,0.54,prob_true,0.3333333333333333,fit-spline,75,0
0.30833765101183125,10,uniform,0.54,prob_true,0.42857142857142855,fit-spline,75,0
0.34052477902468176,10,uniform,0.54,prob_true,0.4,fit-spline,75,0
0.39447166994685984,10,uniform,0.54,prob_true,0.25,fit-spline,75,0
0.5354226065855737,10,uniform,0.54,prob_true,0.0,fit-spline,75,0
0.008542119930910202,10,uniform,0.54,n_total,4603.0,fit-spline,75,0
0.07519236140281678,10,uniform,0.54,n_total,268.0,fit-spline,75,0
0.1297633054452453,10,uniform,0.54,n_total,72.0,fit-spline,75,0
0.18449828408696844,10,uniform,0.54,n_total,28.0,fit-spline,75,0
0.23198738440197578,10,uniform,0.54,n_total,12.0,fit-spline,75,0
0.30833765101183125,10,uniform,0.54,n_total,7.0,fit-spline,75,0
0.34052477902468176,10,uniform,0.54,n_total,5.0,fit-spline,75,0
0.39447166994685984,10,uniform,0.54,n_total,4.0,fit-spline,75,0
0.5354226065855737,10,uniform,0.54,n_total,1.0,fit-spline,75,0
0.008542119930910202,10,uniform,0.54,n_event,35.0,fit-spline,75,0
0.07519236140281678,10,uniform,0.54,n_event,16.0,fit-spline,75,0
0.1297633054452453,10,uniform,0.54,n_event,5.0,fit-spline,75,0
0.18449828408696844,10,uniform,0.54,n_event,5.0,fit-spline,75,0
0.23198738440197578,10,uniform,0.54,n_event,4.0,fit-spline,75,0
0.30833765101183125,10,uniform,0.54,n_event,3.0,fit-spline,75,0
0.34052477902468176,10,uniform,0.54,n_event,2.0,fit-spline,75,0
0.39447166994685984,10,uniform,0.54,n_event,1.0,fit-spline,75,0
0.5354226065855737,10,uniform,0.54,n_event,0.0,fit-spline,75,0
0.004945213873265215,10,uniform,0.2,prob_true,0.00404569252736792,fit-age-sex-bloods,99,0
0.028091394520541522,10,uniform,0.2,prob_true,0.03571428571428571,fit-age-sex-bloods,99,0
0.04967938697371073,10,uniform,0.2,prob_true,0.10687022900763359,fit-age-sex-bloods,99,0
0.06845691610246885,10,uniform,0.2,prob_true,0.06060606060606061,fit-age-sex-bloods,99,0
0.08883534791995887,10,uniform,0.2,prob_true,0.017241379310344827,fit-age-sex-bloods,99,0
0.10574370890388948,10,uniform,0.2,prob_true,0.2,fit-age-sex-bloods,99,0
0.1319882831720512,10,uniform,0.2,prob_true,0.03225806451612903,fit-age-sex-bloods,99,0
0.15021263489370432,10,uniform,0.2,prob_true,0.0,fit-age-sex-bloods,99,0
0.17051691712293407,10,uniform,0.2,prob_true,0.3333333333333333,fit-age-sex-bloods,99,0
0.1939728834562989,10,uniform,0.2,prob_true,0.1111111111111111,fit-age-sex-bloods,99,0
0.004945213873265215,10,uniform,0.2,n_total,4202.0,fit-age-sex-bloods,99,0
0.028091394520541522,10,uniform,0.2,n_total,364.0,fit-age-sex-bloods,99,0
0.04967938697371073,10,uniform,0.2,n_total,131.0,fit-age-sex-bloods,99,0
0.06845691610246885,10,uniform,0.2,n_total,99.0,fit-age-sex-bloods,99,0
0.08883534791995887,10,uniform,0.2,n_total,58.0,fit-age-sex-bloods,99,0
0.10574370890388948,10,uniform,0.2,n_total,40.0,fit-age-sex-bloods,99,0
0.1319882831720512,10,uniform,0.2,n_total,31.0,fit-age-sex-bloods,99,0
0.15021263489370432,10,uniform,0.2,n_total,12.0,fit-age-sex-bloods,99,0
0.17051691712293407,10,uniform,0.2,n_total,12.0,fit-age-sex-bloods,99,0
0.1939728834562989,10,uniform,0.2,n_total,9.0,fit-age-sex-bloods,99,0
0.004945213873265215,10,uniform,0.2,n_event,17.0,fit-age-sex-bloods,99,0
0.028091394520541522,10,uniform,0.2,n_event,13.0,fit-age-sex-bloods,99,0
0.04967938697371073,10,uniform,0.2,n_event,14.0,fit-age-sex-bloods,99,0
0.06845691610246885,10,uniform,0.2,n_event,6.0,fit-age-sex-bloods,99,0
0.08883534791995887,10,uniform,0.2,n_event,1.0,fit-age-sex-bloods,99,0
0.10574370890388948,10,uniform,0.2,n_event,8.0,fit-age-sex-bloods,99,0
0.1319882831720512,10,uniform,0.2,n_event,1.0,fit-age-sex-bloods,99,0
0.15021263489370432,10,uniform,0.2,n_event,0.0,fit-age-sex-bloods,99,0
0.17051691712293407,10,uniform,0.2,n_event,4.0,fit-age-sex-bloods,99,0
0.1939728834562989,10,uniform,0.2,n_event,1.0,fit-age-sex-bloods,99,0
0.008110246984706781,10,uniform,0.62,prob_true,0.009770603228547154,fit-age-sex-bloods,99,0
0.08409090289399815,10,uniform,0.62,prob_true,0.07368421052631578,fit-age-sex-bloods,99,0
0.14612875044755833,10,uniform,0.62,prob_true,0.0784313725490196,fit-age-sex-bloods,99,0
0.205890249134089,10,uniform,0.62,prob_true,0.10526315789473684,fit-age-sex-bloods,99,0
0.2735234173618972,10,uniform,0.62,prob_true,0.5,fit-age-sex-bloods,99,0
0.3448353414025385,10,uniform,0.62,prob_true,0.8571428571428571,fit-age-sex-bloods,99,0
0.40788080344529937,10,uniform,0.62,prob_true,0.14285714285714285,fit-age-sex-bloods,99,0
0.6044545418780091,10,uniform,0.62,prob_true,1.0,fit-age-sex-bloods,99,0
0.008110246984706781,10,uniform,0.62,n_total,4708.0,fit-age-sex-bloods,99,0
0.08409090289399815,10,uniform,0.62,n_total,190.0,fit-age-sex-bloods,99,0
0.14612875044755833,10,uniform,0.62,n_total,51.0,fit-age-sex-bloods,99,0
0.205890249134089,10,uniform,0.62,n_total,19.0,fit-age-sex-bloods,99,0
0.2735234173618972,10,uniform,0.62,n_total,16.0,fit-age-sex-bloods,99,0
0.3448353414025385,10,uniform,0.62,n_total,7.0,fit-age-sex-bloods,99,0
0.40788080344529937,10,uniform,0.62,n_total,7.0,fit-age-sex-bloods,99,0
0.6044545418780091,10,uniform,0.62,n_total,1.0,fit-age-sex-bloods,99,0
0.008110246984706781,10,uniform,0.62,n_event,46.0,fit-age-sex-bloods,99,0
0.08409090289399815,10,uniform,0.62,n_event,14.0,fit-age-sex-bloods,99,0
0.14612875044755833,10,uniform,0.62,n_event,4.0,fit-age-sex-bloods,99,0
0.205890249134089,10,uniform,0.62,n_event,2.0,fit-age-sex-bloods,99,0
0.2735234173618972,10,uniform,0.62,n_event,8.0,fit-age-sex-bloods,99,0
0.3448353414025385,10,uniform,0.62,n_event,6.0,fit-age-sex-bloods,99,0
0.40788080344529937,10,uniform,0.62,n_event,1.0,fit-age-sex-bloods,99,0
0.6044545418780091,10,uniform,0.62,n_event,1.0,fit-age-sex-bloods,99,0
0.00523854674936297,10,uniform,0.2,prob_true,0.005972288580984233,fit-age-sex,99,0
0.02828169912424975,10,uniform,0.2,prob_true,0.029177718832891247,fit-age-sex,99,0
0.048951962634479845,10,uniform,0.2,prob_true,0.09433962264150944,fit-age-sex,99,0
0.06802888828375067,10,uniform,0.2,prob_true,0.0759493670886076,fit-age-sex,99,0
0.0886611047724135,10,uniform,0.2,prob_true,0.05263157894736842,fit-age-sex,99,0
0.10836450353571195,10,uniform,0.2,prob_true,0.125,fit-age-sex,99,0
0.1284398141750251,10,uniform,0.2,prob_true,0.10526315789473684,fit-age-sex,99,0
0.14942331507985174,10,uniform,0.2,prob_true,0.07692307692307693,fit-age-sex,99,0
0.164519737947783,10,uniform,0.2,prob_true,0.5714285714285714,fit-age-sex,99,0
0.1909673249278679,10,uniform,0.2,prob_true,0.4,fit-age-sex,99,0
0.00523854674936297,10,uniform,0.2,n_total,4186.0,fit-age-sex,99,0
0.02828169912424975,10,uniform,0.2,n_total,377.0,fit-age-sex,99,0
0.048951962634479845,10,uniform,0.2,n_total,159.0,fit-age-sex,99,0
0.06802888828375067,10,uniform,0.2,n_total,79.0,fit-age-sex,99,0
0.0886611047724135,10,uniform,0.2,n_total,57.0,fit-age-sex,99,0
0.10836450353571195,10,uniform,0.2,n_total,32.0,fit-age-sex,99,0
0.1284398141750251,10,uniform,0.2,n_total,38.0,fit-age-sex,99,0
0.14942331507985174,10,uniform,0.2,n_total,13.0,fit-age-sex,99,0
0.164519737947783,10,uniform,0.2,n_total,7.0,fit-age-sex,99,0
0.1909673249278679,10,uniform,0.2,n_total,5.0,fit-age-sex,99,0
0.00523854674936297,10,uniform,0.2,n_event,25.0,fit-age-sex,99,0
0.02828169912424975,10,uniform,0.2,n_event,11.0,fit-age-sex,99,0
0.048951962634479845,10,uniform,0.2,n_event,15.0,fit-age-sex,99,0
0.06802888828375067,10,uniform,0.2,n_event,6.0,fit-age-sex,99,0
0.0886611047724135,10,uniform,0.2,n_event,3.0,fit-age-sex,99,0
0.10836450353571195,10,uniform,0.2,n_event,4.0,fit-age-sex,99,0
0.1284398141750251,10,uniform,0.2,n_event,4.0,fit-age-sex,99,0
0.14942331507985174,10,uniform,0.2,n_event,1.0,fit-age-sex,99,0
0.164519737947783,10,uniform,0.2,n_event,4.0,fit-age-sex,99,0
0.1909673249278679,10,uniform,0.2,n_event,2.0,fit-age-sex,99,0
0.008716129834155394,10,uniform,0.62,prob_true,0.010977411864048976,fit-age-sex,99,0
0.0877509561003724,10,uniform,0.62,prob_true,0.09036144578313253,fit-age-sex,99,0
0.14199193432026855,10,uniform,0.62,prob_true,0.13333333333333333,fit-age-sex,99,0
0.21147860712237027,10,uniform,0.62,prob_true,0.1,fit-age-sex,99,0
0.28558309920813413,10,uniform,0.62,prob_true,0.2727272727272727,fit-age-sex,99,0
0.3486503745314461,10,uniform,0.62,prob_true,0.2857142857142857,fit-age-sex,99,0
0.41147231003161017,10,uniform,0.62,prob_true,0.16666666666666666,fit-age-sex,99,0
0.44485614204345864,10,uniform,0.62,prob_true,0.5,fit-age-sex,99,0
0.5439035168215515,10,uniform,0.62,prob_true,0.3333333333333333,fit-age-sex,99,0
0.6152649806838274,10,uniform,0.62,prob_true,0.0,fit-age-sex,99,0
0.008716129834155394,10,uniform,0.62,n_total,4737.0,fit-age-sex,99,0
0.0877509561003724,10,uniform,0.62,n_total,166.0,fit-age-sex,99,0
0.14199193432026855,10,uniform,0.62,n_total,45.0,fit-age-sex,99,0
0.21147860712237027,10,uniform,0.62,n_total,20.0,fit-age-sex,99,0
0.28558309920813413,10,uniform,0.62,n_total,11.0,fit-age-sex,99,0
0.3486503745314461,10,uniform,0.62,n_total,7.0,fit-age-sex,99,0
0.41147231003161017,10,uniform,0.62,n_total,6.0,fit-age-sex,99,0
0.44485614204345864,10,uniform,0.62,n_total,2.0,fit-age-sex,99,0
0.5439035168215515,10,uniform,0.62,n_total,3.0,fit-age-sex,99,0
0.6152649806838274,10,uniform,0.62,n_total,3.0,fit-age-sex,99,0
0.008716129834155394,10,uniform,0.62,n_event,52.0,fit-age-sex,99,0
0.0877509561003724,10,uniform,0.62,n_event,15.0,fit-age-sex,99,0
0.14199193432026855,10,uniform,0.62,n_event,6.0,fit-age-sex,99,0
0.21147860712237027,10,uniform,0.62,n_event,2.0,fit-age-sex,99,0
0.28558309920813413,10,uniform,0.62,n_event,3.0,fit-age-sex,99,0
0.3486503745314461,10,uniform,0.62,n_event,2.0,fit-age-sex,99,0
0.41147231003161017,10,uniform,0.62,n_event,1.0,fit-age-sex,99,0
0.44485614204345864,10,uniform,0.62,n_event,1.0,fit-age-sex,99,0
0.5439035168215515,10,uniform,0.62,n_event,1.0,fit-age-sex,99,0
0.6152649806838274,10,uniform,0.62,n_event,0.0,fit-age-sex,99,0
0.005025568912348557,10,uniform,0.2,prob_true,0.005203171456888008,fit-spline,99,0
0.028625416050180513,10,uniform,0.2,prob_true,0.024154589371980676,fit-spline,99,0
0.049737496584809165,10,uniform,0.2,prob_true,0.04950495049504951,fit-spline,99,0
0.06969120703253563,10,uniform,0.2,prob_true,0.12389380530973451,fit-spline,99,0
0.09093184930408796,10,uniform,0.2,prob_true,0.02702702702702703,fit-spline,99,0
0.10977699127519723,10,uniform,0.2,prob_true,0.14285714285714285,fit-spline,99,0
0.13137173656843926,10,uniform,0.2,prob_true,0.05714285714285714,fit-spline,99,0
0.14918370067030048,10,uniform,0.2,prob_true,0.2222222222222222,fit-spline,99,0
0.17019628111621724,10,uniform,0.2,prob_true,0.16666666666666666,fit-spline,99,0
0.18967886180657323,10,uniform,0.2,prob_true,0.4,fit-spline,99,0
0.005025568912348557,10,uniform,0.2,n_total,4036.0,fit-spline,99,0
0.028625416050180513,10,uniform,0.2,n_total,414.0,fit-spline,99,0
0.049737496584809165,10,uniform,0.2,n_total,202.0,fit-spline,99,0
0.06969120703253563,10,uniform,0.2,n_total,113.0,fit-spline,99,0
0.09093184930408796,10,uniform,0.2,n_total,74.0,fit-spline,99,0
0.10977699127519723,10,uniform,0.2,n_total,49.0,fit-spline,99,0
0.13137173656843926,10,uniform,0.2,n_total,35.0,fit-spline,99,0
0.14918370067030048,10,uniform,0.2,n_total,9.0,fit-spline,99,0
0.17019628111621724,10,uniform,0.2,n_total,12.0,fit-spline,99,0
0.18967886180657323,10,uniform,0.2,n_total,10.0,fit-spline,99,0
0.005025568912348557,10,uniform,0.2,n_event,21.0,fit-spline,99,0
0.028625416050180513,10,uniform,0.2,n_event,10.0,fit-spline,99,0
0.049737496584809165,10,uniform,0.2,n_event,10.0,fit-spline,99,0
0.06969120703253563,10,uniform,0.2,n_event,14.0,fit-spline,99,0
0.09093184930408796,10,uniform,0.2,n_event,2.0,fit-spline,99,0
0.10977699127519723,10,uniform,0.2,n_event,7.0,fit-spline,99,0
0.13137173656843926,10,uniform,0.2,n_event,2.0,fit-spline,99,0
0.14918370067030048,10,uniform,0.2,n_event,2.0,fit-spline,99,0
0.17019628111621724,10,uniform,0.2,n_event,2.0,fit-spline,99,0
0.18967886180657323,10,uniform,0.2,n_event,4.0,fit-spline,99,0
0.008442881131031066,10,uniform,0.54,prob_true,0.008708904855214456,fit-spline,99,0
0.07548955602539645,10,uniform,0.54,prob_true,0.08646616541353383,fit-spline,99,0
0.1266646253308994,10,uniform,0.54,prob_true,0.0684931506849315,fit-spline,99,0
0.18709049483641013,10,uniform,0.54,prob_true,0.1935483870967742,fit-spline,99,0
0.23463352280289443,10,uniform,0.54,prob_true,0.3076923076923077,fit-spline,99,0
0.2981523073466047,10,uniform,0.54,prob_true,0.18181818181818182,fit-spline,99,0
0.34405631631593425,10,uniform,0.54,prob_true,0.5,fit-spline,99,0
0.38932960574990166,10,uniform,0.54,prob_true,0.0,fit-spline,99,0
0.4491854678833945,10,uniform,0.54,prob_true,0.3333333333333333,fit-spline,99,0
0.5354226065855737,10,uniform,0.54,prob_true,0.0,fit-spline,99,0
0.008442881131031066,10,uniform,0.54,n_total,4593.0,fit-spline,99,0
0.07548955602539645,10,uniform,0.54,n_total,266.0,fit-spline,99,0
0.1266646253308994,10,uniform,0.54,n_total,73.0,fit-spline,99,0
0.18709049483641013,10,uniform,0.54,n_total,31.0,fit-spline,99,0
0.23463352280289443,10,uniform,0.54,n_total,13.0,fit-spline,99,0
0.2981523073466047,10,uniform,0.54,n_total,11.0,fit-spline,99,0
0.34405631631593425,10,uniform,0.54,n_total,4.0,fit-spline,99,0
0.38932960574990166,10,uniform,0.54,n_total,3.0,fit-spline,99,0
0.4491854678833945,10,uniform,0.54,n_total,3.0,fit-spline,99,0
0.5354226065855737,10,uniform,0.54,n_total,3.0,fit-spline,99,0
0.008442881131031066,10,uniform,0.54,n_event,40.0,fit-spline,99,0
0.07548955602539645,10,uniform,0.54,n_event,23.0,fit-spline,99,0
0.1266646253308994,10,uniform,0.54,n_event,5.0,fit-spline,99,0
0.18709049483641013,10,uniform,0.54,n_event,6.0,fit-spline,99,0
0.23463352280289443,10,uniform,0.54,n_event,4.0,fit-spline,99,0
0.2981523073466047,10,uniform,0.54,n_event,2.0,fit-spline,99,0
0.34405631631593425,10,uniform,0.54,n_event,2.0,fit-spline,99,0
0.38932960574990166,10,uniform,0.54,n_event,0.0,fit-spline,99,0
0.4491854678833945,10,uniform,0.54,n_event,1.0,fit-spline,99,0
0.5354226065855737,10,uniform,0.54,n_event,0.0,fit-spline,99,0
